Frame,Resolution,Objects,Time
0,384x640,"17 persons,",536.5
0,384x640,"15 persons,",433.5
0,384x640,"14 persons,",423.6
0,384x640,"16 persons,",424.7
0,384x640,"18 persons,",434.5
0,384x640,"20 persons,",426.5
0,384x640,"16 persons,",390.3
0,384x640,"15 persons,",284.5
0,384x640,"18 persons,",273.2
0,384x640,"21 persons,",260.8
0,384x640,"16 persons,",278.3
0,384x640,"16 persons, 1 bench,",279.7
0,384x640,"20 persons, 1 potted plant,",267.9
0,384x640,"18 persons, 1 potted plant,",270.4
0,384x640,"16 persons,",285.4
0,384x640,"19 persons, 2 potted plants,",274.5
0,384x640,"14 persons, 1 potted plant,",280.4
0,384x640,"17 persons, 1 potted plant,",284.0
0,384x640,"20 persons, 1 potted plant,",278.0
0,384x640,"15 persons, 1 potted plant,",261.6
0,384x640,"15 persons, 1 potted plant,",271.7
0,384x640,"15 persons, 1 potted plant,",289.6
0,384x640,"16 persons, 1 bench, 1 potted plant,",262.3
0,384x640,"16 persons, 1 bench, 1 potted plant,",278.4
0,384x640,"18 persons, 1 potted plant,",282.1
0,384x640,"18 persons, 1 bench, 1 potted plant,",262.9
0,384x640,"16 persons, 1 bench, 1 potted plant,",273.8
0,384x640,"17 persons, 1 potted plant,",282.3
0,384x640,"16 persons, 1 potted plant,",269.5
0,384x640,"21 persons, 1 bench, 1 potted plant,",261.9
0,384x640,"21 persons, 1 bench, 1 potted plant,",283.4
0,384x640,"19 persons,",287.7
0,384x640,"19 persons,",276.2
0,384x640,"19 persons,",272.9
0,384x640,"18 persons, 1 potted plant,",280.7
0,384x640,"20 persons, 1 potted plant,",273.0
0,384x640,"19 persons,",266.4
0,384x640,"19 persons,",261.2
0,384x640,"21 persons, 1 potted plant,",281.1
0,384x640,"19 persons, 1 potted plant,",264.8
0,384x640,"20 persons, 1 potted plant,",362.9
0,384x640,"24 persons, 1 bench, 1 potted plant,",442.8
0,384x640,"18 persons, 1 bench, 1 potted plant,",455.4
0,384x640,"20 persons, 1 bench,",428.8
0,384x640,"17 persons, 1 bench,",434.5
0,384x640,"21 persons, 1 potted plant,",470.7
0,384x640,"16 persons, 1 bench,",444.8
0,384x640,"17 persons, 1 bench,",417.9
0,384x640,"19 persons, 1 bench,",427.2
0,384x640,"18 persons,",418.4
0,384x640,"20 persons, 1 potted plant,",442.6
0,384x640,"19 persons, 1 bench, 1 potted plant,",425.5
0,384x640,"19 persons, 1 bench, 1 potted plant,",444.4
0,384x640,"16 persons, 1 bench, 1 potted plant,",453.0
0,384x640,"19 persons, 2 benchs,",432.9
0,384x640,"19 persons,",434.4
0,384x640,"16 persons, 1 bench,",419.5
0,384x640,"20 persons, 1 potted plant,",334.9
0,384x640,"17 persons, 1 potted plant,",271.9
0,384x640,"16 persons, 1 potted plant,",276.5
0,384x640,"14 persons, 1 potted plant,",268.6
0,384x640,"19 persons, 1 bench, 1 potted plant,",261.6
0,384x640,"19 persons, 1 bench, 1 potted plant,",270.0
0,384x640,"19 persons, 1 bench, 1 potted plant,",272.5
0,384x640,"19 persons, 1 bench, 1 potted plant,",265.6
0,384x640,"19 persons, 1 bench, 1 potted plant,",265.1
0,384x640,"19 persons, 1 bench, 1 potted plant,",265.4
0,384x640,"19 persons, 1 bench, 1 potted plant,",264.6
0,384x640,"19 persons, 1 bench, 1 potted plant,",271.2
0,384x640,"22 persons, 1 potted plant,",271.2
0,384x640,"20 persons,",276.0
0,384x640,"19 persons,",265.6
0,384x640,"18 persons,",276.1
0,384x640,"19 persons,",265.6
0,384x640,"18 persons,",277.7
0,384x640,"18 persons,",280.4
0,384x640,"17 persons,",266.5
0,384x640,"17 persons,",302.6
0,384x640,"15 persons,",272.2
0,384x640,"15 persons,",273.2
0,384x640,"22 persons,",283.0
0,384x640,"17 persons,",266.1
0,384x640,"20 persons,",273.5
0,384x640,"19 persons,",262.2
0,384x640,"19 persons,",279.6
0,384x640,"19 persons,",263.2
0,384x640,"19 persons,",268.0
0,384x640,"19 persons,",283.4
0,384x640,"19 persons, 1 bicycle,",274.3
0,384x640,"13 persons,",282.2
0,384x640,"20 persons,",271.5
0,384x640,"17 persons,",375.1
0,384x640,"15 persons,",429.2
0,384x640,"17 persons,",430.8
0,384x640,"18 persons,",440.8
0,384x640,"17 persons,",429.7
0,384x640,"16 persons,",446.6
0,384x640,"15 persons,",434.7
0,384x640,"15 persons,",435.3
0,384x640,"15 persons,",407.5
0,384x640,"20 persons,",411.1
0,384x640,"16 persons,",432.2
0,384x640,"13 persons,",435.3
0,384x640,"15 persons,",447.5
0,384x640,"13 persons,",437.0
0,384x640,"18 persons,",420.4
0,384x640,"17 persons,",458.9
0,384x640,"14 persons,",405.9
0,384x640,"14 persons,",637.4
0,384x640,"16 persons,",440.3
0,384x640,"16 persons,",557.4
0,384x640,"17 persons,",440.9
0,384x640,"20 persons,",265.6
0,384x640,"16 persons,",282.8
0,384x640,"19 persons,",275.4
0,384x640,"12 persons,",275.1
0,384x640,"15 persons,",291.1
0,384x640,"12 persons,",267.7
0,384x640,"13 persons,",275.6
0,384x640,"14 persons,",274.0
0,384x640,"11 persons,",275.7
0,384x640,"10 persons,",271.9
0,384x640,"19 persons,",267.4
0,384x640,"18 persons,",280.4
0,384x640,"19 persons,",262.4
0,384x640,"21 persons,",268.1
0,384x640,"19 persons, 1 bench,",255.0
0,384x640,"13 persons,",277.5
0,384x640,"15 persons,",274.4
0,384x640,"17 persons,",268.7
0,384x640,"21 persons, 1 bench,",278.1
0,384x640,"16 persons,",265.1
0,384x640,"16 persons,",257.4
0,384x640,"16 persons,",261.8
0,384x640,"20 persons, 1 bench, 1 potted plant,",280.9
0,384x640,"17 persons, 1 umbrella,",269.7
0,384x640,"16 persons,",272.7
0,384x640,"15 persons, 1 bench,",277.3
0,384x640,"16 persons,",264.5
0,384x640,"16 persons,",276.0
0,384x640,"16 persons,",410.9
0,384x640,"16 persons,",416.2
0,384x640,"16 persons,",430.5
0,384x640,"16 persons,",438.6
0,384x640,"16 persons, 1 umbrella,",419.9
0,384x640,"22 persons,",444.7
0,384x640,"18 persons,",429.0
0,384x640,"18 persons,",407.9
0,384x640,"18 persons,",427.1
0,384x640,"11 persons,",413.7
0,384x640,"14 persons,",446.0
0,384x640,"13 persons,",405.9
0,384x640,"17 persons,",419.9
0,384x640,"15 persons,",447.9
0,384x640,"13 persons,",425.8
0,384x640,"15 persons,",442.2
0,384x640,"14 persons,",444.4
0,384x640,"14 persons,",414.2
0,384x640,"18 persons,",271.3
0,384x640,"12 persons,",276.3
0,384x640,"16 persons,",274.4
0,384x640,"16 persons,",275.0
0,384x640,"17 persons,",270.8
0,384x640,"15 persons,",283.1
0,384x640,"19 persons,",268.4
0,384x640,"19 persons,",263.4
0,384x640,"15 persons,",276.6
0,384x640,"18 persons, 1 backpack,",271.3
0,384x640,"12 persons, 1 bench,",260.8
0,384x640,"12 persons, 1 bench,",276.3
0,384x640,"15 persons,",280.9
0,384x640,"15 persons,",261.9
0,384x640,"12 persons,",273.8
0,384x640,"11 persons,",288.3
0,384x640,"15 persons,",283.7
0,384x640,"16 persons,",285.5
0,384x640,"14 persons,",271.6
0,384x640,"14 persons,",268.9
0,384x640,"14 persons,",273.9
0,384x640,"15 persons,",258.1
0,384x640,"14 persons,",281.7
0,384x640,"16 persons,",276.1
0,384x640,"13 persons,",268.5
0,384x640,"16 persons,",270.1
0,384x640,"17 persons,",274.6
0,384x640,"14 persons,",270.5
0,384x640,"18 persons,",277.1
0,384x640,"21 persons,",278.4
0,384x640,"16 persons,",268.8
0,384x640,"14 persons,",266.4
0,384x640,"16 persons,",282.9
0,384x640,"13 persons,",342.4
0,384x640,"16 persons,",419.6
0,384x640,"17 persons,",461.3
0,384x640,"13 persons,",443.1
0,384x640,"14 persons,",425.7
0,384x640,"13 persons,",409.9
0,384x640,"12 persons,",477.1
0,384x640,"14 persons,",438.6
0,384x640,"13 persons,",418.3
0,384x640,"16 persons,",433.8
0,384x640,"10 persons,",395.2
0,384x640,"10 persons,",423.2
0,384x640,"15 persons,",426.0
0,384x640,"16 persons,",417.7
0,384x640,"15 persons,",430.5
0,384x640,"15 persons,",435.4
0,384x640,"17 persons,",418.8
0,384x640,"15 persons,",402.9
0,384x640,"17 persons,",306.4
0,384x640,"17 persons,",263.0
0,384x640,"17 persons,",265.3
0,384x640,"17 persons,",258.0
0,384x640,"17 persons,",257.7
0,384x640,"17 persons,",263.8
0,384x640,"17 persons,",261.9
0,384x640,"14 persons,",276.5
0,384x640,"14 persons,",277.8
0,384x640,"17 persons,",277.7
0,384x640,"14 persons,",272.5
0,384x640,"17 persons,",275.6
0,384x640,"18 persons,",272.5
0,384x640,"21 persons,",268.2
0,384x640,"21 persons, 1 skateboard,",275.5
0,384x640,"15 persons, 1 skateboard,",279.8
0,384x640,"15 persons,",264.3
0,384x640,"12 persons,",272.9
0,384x640,"16 persons,",267.9
0,384x640,"17 persons,",304.7
0,384x640,"17 persons,",268.0
0,384x640,"16 persons,",274.9
0,384x640,"16 persons,",303.1
0,384x640,"15 persons,",260.8
0,384x640,"15 persons,",315.1
0,384x640,"15 persons,",270.3
0,384x640,"16 persons,",278.8
0,384x640,"18 persons,",268.8
0,384x640,"12 persons,",281.4
0,384x640,"14 persons,",264.1
0,384x640,"14 persons,",258.4
0,384x640,"14 persons,",282.0
0,384x640,"16 persons,",268.4
0,384x640,"16 persons,",258.8
0,384x640,"18 persons,",414.9
0,384x640,"19 persons,",419.6
0,384x640,"17 persons,",439.5
0,384x640,"23 persons, 1 traffic light,",434.2
0,384x640,"22 persons,",402.1
0,384x640,"19 persons,",430.2
0,384x640,"19 persons,",427.5
0,384x640,"20 persons,",420.1
0,384x640,"17 persons,",417.0
0,384x640,"16 persons,",413.3
0,384x640,"14 persons,",414.7
0,384x640,"17 persons,",422.6
0,384x640,"16 persons,",416.4
0,384x640,"15 persons,",435.1
0,384x640,"15 persons,",427.2
0,384x640,"12 persons,",443.2
0,384x640,"14 persons,",419.6
0,384x640,"16 persons,",409.4
0,384x640,"12 persons,",275.9
0,384x640,"14 persons,",279.4
0,384x640,"15 persons,",269.4
0,384x640,"14 persons,",275.3
0,384x640,"13 persons,",272.8
0,384x640,"12 persons, 1 umbrella,",273.8
0,384x640,"15 persons,",269.1
0,384x640,"16 persons,",274.0
0,384x640,"17 persons,",285.6
0,384x640,"16 persons,",260.0
0,384x640,"14 persons,",285.9
0,384x640,"18 persons,",264.6
0,384x640,"17 persons,",276.3
0,384x640,"12 persons,",270.5
0,384x640,"16 persons,",268.7
0,384x640,"11 persons,",283.2
0,384x640,"13 persons,",274.1
0,384x640,"12 persons,",268.6
0,384x640,"9 persons,",276.4
0,384x640,"10 persons,",287.8
0,384x640,"10 persons,",268.2
0,384x640,"11 persons, 1 handbag,",264.4
0,384x640,"11 persons,",274.7
0,384x640,"9 persons,",277.5
0,384x640,"10 persons,",263.1
0,384x640,"10 persons,",279.4
0,384x640,"15 persons,",275.7
0,384x640,"18 persons,",272.2
0,384x640,"12 persons,",276.1
0,384x640,"15 persons,",270.0
0,384x640,"15 persons,",265.7
0,384x640,"15 persons,",267.9
0,384x640,"15 persons,",260.1
0,384x640,"15 persons,",273.6
0,384x640,"15 persons,",400.4
0,384x640,"15 persons,",433.3
0,384x640,"20 persons,",482.6
0,384x640,"13 persons,",419.0
0,384x640,"16 persons,",434.9
0,384x640,"22 persons,",448.7
0,384x640,"19 persons,",463.0
0,384x640,"14 persons,",413.0
0,384x640,"15 persons,",420.0
0,384x640,"16 persons,",420.7
0,384x640,"17 persons,",429.8
0,384x640,"14 persons,",425.8
0,384x640,"19 persons,",426.7
0,384x640,"22 persons,",443.3
0,384x640,"16 persons,",442.1
0,384x640,"20 persons,",446.1
0,384x640,"18 persons,",410.6
0,384x640,"17 persons, 1 bicycle,",353.0
0,384x640,"17 persons, 1 bicycle,",267.9
0,384x640,"17 persons, 1 bicycle, 1 bench, 1 umbrella,",278.3
0,384x640,"20 persons,",268.6
0,384x640,"21 persons,",283.6
0,384x640,"20 persons,",268.3
0,384x640,"16 persons,",258.7
0,384x640,"19 persons,",286.8
0,384x640,"17 persons, 2 benchs,",271.9
0,384x640,"17 persons, 2 benchs,",272.0
0,384x640,"23 persons,",272.5
0,384x640,"20 persons,",279.9
0,384x640,"19 persons,",276.0
0,384x640,"16 persons,",271.9
0,384x640,"19 persons,",276.1
0,384x640,"19 persons,",276.6
0,384x640,"16 persons,",268.1
0,384x640,"12 persons,",284.3
0,384x640,"13 persons,",271.6
0,384x640,"14 persons,",266.9
0,384x640,"13 persons,",278.9
0,384x640,"12 persons,",279.8
0,384x640,"13 persons,",263.1
0,384x640,"18 persons,",267.0
0,384x640,"17 persons,",278.8
0,384x640,"18 persons,",265.7
0,384x640,"14 persons,",277.5
0,384x640,"16 persons,",275.8
0,384x640,"13 persons,",286.3
0,384x640,"19 persons,",263.7
0,384x640,"15 persons,",277.0
0,384x640,"19 persons,",275.5
0,384x640,"19 persons,",271.4
0,384x640,"15 persons,",258.5
0,384x640,"15 persons,",407.6
0,384x640,"15 persons,",426.0
0,384x640,"17 persons,",432.8
0,384x640,"17 persons,",438.8
0,384x640,"19 persons, 1 potted plant,",413.7
0,384x640,"19 persons, 1 horse,",449.8
0,384x640,"16 persons,",457.8
0,384x640,"17 persons,",417.7
0,384x640,"17 persons,",409.0
0,384x640,"17 persons,",431.4
0,384x640,"16 persons,",414.5
0,384x640,"20 persons,",428.5
0,384x640,"23 persons,",408.5
0,384x640,"20 persons,",424.4
0,384x640,"15 persons,",423.4
0,384x640,"16 persons,",448.7
0,384x640,"17 persons,",416.2
0,384x640,"17 persons,",399.4
0,384x640,"17 persons,",285.1
0,384x640,"17 persons,",273.6
0,384x640,"17 persons,",269.0
0,384x640,"17 persons,",283.5
0,384x640,"15 persons,",270.4
0,384x640,"13 persons, 1 potted plant,",279.4
0,384x640,"12 persons,",283.8
0,384x640,"15 persons, 1 potted plant,",266.4
0,384x640,"14 persons, 1 potted plant,",283.2
0,384x640,"13 persons,",282.3
0,384x640,"16 persons, 1 skateboard, 1 potted plant,",270.3
0,384x640,"12 persons, 1 potted plant,",270.9
0,384x640,"13 persons, 2 potted plants,",272.4
0,384x640,"13 persons, 2 potted plants,",279.4
0,384x640,"12 persons, 2 potted plants,",262.7
0,384x640,"12 persons, 2 potted plants,",271.4
0,384x640,"11 persons, 1 potted plant,",267.7
0,384x640,"14 persons, 1 skateboard, 1 potted plant,",260.7
0,384x640,"16 persons, 1 potted plant,",261.0
0,384x640,"16 persons, 1 potted plant,",277.4
0,384x640,"17 persons, 1 potted plant,",277.9
0,384x640,"19 persons, 1 bench, 1 potted plant,",257.2
0,384x640,"19 persons, 1 bench, 1 potted plant,",284.0
0,384x640,"18 persons, 1 bench, 1 potted plant,",266.6
0,384x640,"21 persons, 1 bench, 1 potted plant,",274.1
0,384x640,"17 persons, 1 potted plant,",283.4
0,384x640,"16 persons, 1 potted plant,",278.2
0,384x640,"19 persons,",279.9
0,384x640,"17 persons, 1 bench,",273.8
0,384x640,"19 persons, 1 bench, 2 potted plants,",288.6
0,384x640,"21 persons, 2 potted plants,",267.3
0,384x640,"14 persons,",269.8
0,384x640,"18 persons,",281.1
0,384x640,"17 persons,",278.9
0,384x640,"19 persons, 2 potted plants,",415.2
0,384x640,"18 persons, 1 potted plant,",453.1
0,384x640,"18 persons, 1 potted plant,",445.0
0,384x640,"17 persons, 1 potted plant,",415.4
0,384x640,"15 persons, 2 potted plants,",413.0
0,384x640,"22 persons, 2 potted plants,",461.2
0,384x640,"21 persons, 2 potted plants,",432.7
0,384x640,"18 persons, 2 potted plants,",410.4
0,384x640,"22 persons, 2 potted plants,",409.4
0,384x640,"23 persons, 2 potted plants,",411.2
0,384x640,"20 persons, 2 potted plants,",430.3
0,384x640,"17 persons, 2 potted plants,",394.0
0,384x640,"20 persons, 2 potted plants,",447.2
0,384x640,"18 persons, 2 potted plants,",410.5
0,384x640,"15 persons, 1 potted plant,",436.3
0,384x640,"14 persons, 2 potted plants,",419.7
0,384x640,"16 persons, 2 potted plants,",413.9
0,384x640,"14 persons, 2 potted plants,",402.7
0,384x640,"19 persons,",275.3
0,384x640,"15 persons, 1 handbag, 2 potted plants,",269.6
0,384x640,"14 persons, 2 potted plants,",282.0
0,384x640,"11 persons, 2 potted plants,",273.3
0,384x640,"12 persons, 2 potted plants,",271.2
0,384x640,"12 persons, 2 potted plants,",287.2
0,384x640,"12 persons, 2 potted plants,",278.1
0,384x640,"14 persons, 2 potted plants,",272.1
0,384x640,"15 persons, 2 potted plants,",283.8
0,384x640,"16 persons, 2 potted plants,",273.7
0,384x640,"14 persons, 2 potted plants,",267.7
0,384x640,"16 persons, 2 potted plants,",267.6
0,384x640,"20 persons, 2 potted plants,",280.1
0,384x640,"19 persons, 2 potted plants,",282.8
0,384x640,"18 persons, 2 potted plants,",268.7
0,384x640,"17 persons, 2 potted plants,",279.3
0,384x640,"15 persons, 1 potted plant,",269.9
0,384x640,"16 persons, 1 motorcycle, 1 handbag,",259.9
0,384x640,"18 persons,",274.9
0,384x640,"20 persons, 1 potted plant,",283.5
0,384x640,"18 persons, 2 potted plants,",271.2
0,384x640,"22 persons, 2 potted plants,",278.2
0,384x640,"15 persons, 2 potted plants,",281.3
0,384x640,"14 persons, 2 potted plants,",263.3
0,384x640,"17 persons, 2 potted plants,",263.2
0,384x640,"15 persons, 2 potted plants,",269.0
0,384x640,"15 persons, 2 potted plants,",272.4
0,384x640,"15 persons, 2 potted plants,",262.9
0,384x640,"15 persons, 2 potted plants,",267.1
0,384x640,"15 persons, 2 potted plants,",274.2
0,384x640,"15 persons, 2 potted plants,",256.9
0,384x640,"15 persons, 2 potted plants,",264.4
0,384x640,"15 persons, 2 potted plants,",269.6
0,384x640,"15 persons, 2 potted plants,",333.6
0,384x640,"20 persons, 2 potted plants,",410.9
0,384x640,"15 persons, 2 potted plants,",457.2
0,384x640,"18 persons, 1 potted plant,",446.2
0,384x640,"13 persons,",399.9
0,384x640,"16 persons,",419.7
0,384x640,"17 persons,",440.5
0,384x640,"17 persons,",422.4
0,384x640,"15 persons,",417.7
0,384x640,"15 persons,",414.7
0,384x640,"18 persons,",422.1
0,384x640,"18 persons,",403.5
0,384x640,"15 persons, 1 potted plant,",391.9
0,384x640,"15 persons, 1 potted plant,",442.9
0,384x640,"15 persons, 1 potted plant,",440.7
0,384x640,"16 persons,",419.5
0,384x640,"17 persons,",446.6
0,384x640,"14 persons,",423.4
0,384x640,"15 persons,",390.7
0,384x640,"17 persons,",276.5
0,384x640,"15 persons,",276.3
0,384x640,"15 persons, 1 potted plant,",267.4
0,384x640,"17 persons, 1 potted plant,",281.3
0,384x640,"13 persons,",266.6
0,384x640,"13 persons,",274.3
0,384x640,"21 persons,",276.1
0,384x640,"18 persons,",271.2
0,384x640,"18 persons,",272.2
0,384x640,"16 persons,",263.0
0,384x640,"18 persons,",280.8
0,384x640,"13 persons,",277.8
0,384x640,"14 persons,",282.9
0,384x640,"16 persons,",281.3
0,384x640,"15 persons,",268.1
0,384x640,"18 persons,",262.5
0,384x640,"18 persons,",271.8
0,384x640,"17 persons, 1 potted plant,",285.6
0,384x640,"18 persons, 2 potted plants,",273.7
0,384x640,"18 persons, 2 potted plants,",275.9
0,384x640,"21 persons, 2 potted plants,",287.7
0,384x640,"21 persons, 3 potted plants,",269.8
0,384x640,"18 persons, 2 potted plants,",271.0
0,384x640,"19 persons, 2 potted plants,",277.1
0,384x640,"18 persons,",274.2
0,384x640,"19 persons,",269.9
0,384x640,"22 persons, 1 bench,",270.3
0,384x640,"22 persons, 1 bench,",297.3
0,384x640,"17 persons,",283.7
0,384x640,"15 persons,",277.8
0,384x640,"18 persons, 2 potted plants,",277.1
0,384x640,"18 persons, 2 potted plants,",280.6
0,384x640,"16 persons, 1 potted plant,",268.0
0,384x640,"14 persons, 1 potted plant,",409.7
0,384x640,"18 persons,",428.5
0,384x640,"19 persons, 1 stop sign,",459.7
0,384x640,"14 persons, 2 potted plants,",423.6
0,384x640,"19 persons, 1 potted plant,",423.7
0,384x640,"17 persons,",482.7
0,384x640,"20 persons, 1 potted plant,",453.6
0,384x640,"14 persons, 1 potted plant,",414.1
0,384x640,"18 persons,",432.8
0,384x640,"15 persons,",458.5
0,384x640,"13 persons,",409.0
0,384x640,"14 persons,",445.1
0,384x640,"19 persons, 1 skateboard, 1 potted plant,",450.5
0,384x640,"19 persons,",416.8
0,384x640,"19 persons,",420.4
0,384x640,"19 persons,",410.1
0,384x640,"19 persons,",403.6
0,384x640,"19 persons,",329.1
0,384x640,"19 persons,",281.8
0,384x640,"18 persons,",280.1
0,384x640,"19 persons,",273.2
0,384x640,"18 persons, 1 umbrella,",277.7
0,384x640,"20 persons,",264.1
0,384x640,"17 persons, 1 potted plant,",280.1
0,384x640,"21 persons, 1 bench,",269.1
0,384x640,"20 persons, 1 bench,",272.7
0,384x640,"19 persons,",286.3
0,384x640,"18 persons,",270.3
0,384x640,"18 persons,",268.3
0,384x640,"19 persons,",265.6
0,384x640,"19 persons,",266.6
0,384x640,"16 persons,",276.6
0,384x640,"15 persons,",271.9
0,384x640,"15 persons,",266.6
0,384x640,"15 persons,",271.2
0,384x640,"16 persons,",269.9
0,384x640,"11 persons,",272.1
0,384x640,"19 persons,",270.4
0,384x640,"18 persons,",275.6
0,384x640,"20 persons,",274.9
0,384x640,"20 persons,",277.4
0,384x640,"20 persons,",266.9
0,384x640,"20 persons,",266.4
0,384x640,"20 persons,",280.0
0,384x640,"15 persons, 1 potted plant,",266.3
0,384x640,"15 persons, 1 potted plant,",268.0
0,384x640,"17 persons, 1 potted plant,",270.9
0,384x640,"16 persons,",277.1
0,384x640,"21 persons, 1 potted plant,",278.3
0,384x640,"17 persons, 1 potted plant,",265.0
0,384x640,"16 persons, 1 horse, 1 potted plant,",275.3
0,384x640,"18 persons, 1 potted plant,",387.4
0,384x640,"16 persons,",418.3
0,384x640,"20 persons,",462.6
0,384x640,"17 persons,",416.6
0,384x640,"19 persons,",398.3
0,384x640,"22 persons,",453.3
0,384x640,"19 persons, 1 potted plant,",490.5
0,384x640,"22 persons,",410.5
0,384x640,"18 persons, 1 car,",431.7
0,384x640,"16 persons, 1 potted plant,",437.7
0,384x640,"19 persons, 1 potted plant,",408.5
0,384x640,"20 persons, 1 potted plant,",428.5
0,384x640,"22 persons,",437.7
0,384x640,"20 persons,",415.7
0,384x640,"20 persons,",427.9
0,384x640,"18 persons,",435.5
0,384x640,"19 persons,",515.2
0,384x640,"15 persons,",562.3
0,384x640,"17 persons,",283.4
0,384x640,"21 persons,",276.9
0,384x640,"15 persons,",291.0
0,384x640,"16 persons,",267.7
0,384x640,"16 persons,",273.6
0,384x640,"18 persons, 1 potted plant,",271.6
0,384x640,"18 persons, 1 potted plant,",273.2
0,384x640,"19 persons,",261.4
0,384x640,"19 persons,",278.2
0,384x640,"16 persons,",286.9
0,384x640,"23 persons,",268.5
0,384x640,"19 persons,",269.6
0,384x640,"18 persons,",291.7
0,384x640,"19 persons,",277.7
0,384x640,"16 persons, 1 potted plant,",274.4
0,384x640,"16 persons,",263.7
0,384x640,"16 persons,",281.6
0,384x640,"24 persons, 1 potted plant,",277.3
0,384x640,"20 persons, 1 bicycle, 1 potted plant,",272.9
0,384x640,"17 persons, 1 potted plant,",273.7
0,384x640,"18 persons, 2 potted plants,",270.8
0,384x640,"17 persons, 1 potted plant,",265.8
0,384x640,"15 persons,",266.3
0,384x640,"15 persons,",274.3
0,384x640,"15 persons,",267.1
0,384x640,"15 persons,",265.1
0,384x640,"15 persons,",275.5
0,384x640,"15 persons,",261.9
0,384x640,"15 persons,",261.1
0,384x640,"15 persons,",286.6
0,384x640,"20 persons, 1 potted plant,",282.6
0,384x640,"10 persons,",278.9
0,384x640,"16 persons, 2 potted plants,",269.2
0,384x640,"16 persons, 2 potted plants,",344.8
0,384x640,"18 persons, 2 potted plants,",405.5
0,384x640,"17 persons,",418.6
0,384x640,"18 persons,",432.6
0,384x640,"15 persons, 1 potted plant,",421.9
0,384x640,"18 persons,",425.0
0,384x640,"17 persons,",471.0
0,384x640,"18 persons, 2 potted plants,",420.0
0,384x640,"15 persons,",416.4
0,384x640,"14 persons,",442.0
0,384x640,"15 persons,",402.1
0,384x640,"17 persons,",381.1
0,384x640,"20 persons,",415.5
0,384x640,"17 persons, 1 bench,",406.5
0,384x640,"17 persons, 1 bench,",435.8
0,384x640,"17 persons, 1 bicycle,",423.3
0,384x640,"18 persons, 2 potted plants,",451.4
0,384x640,"11 persons, 2 potted plants,",408.4
0,384x640,"16 persons, 2 potted plants,",368.6
0,384x640,"16 persons, 1 potted plant,",284.1
0,384x640,"15 persons,",267.2
0,384x640,"14 persons,",263.6
0,384x640,"13 persons,",282.1
0,384x640,"13 persons, 2 bicycles,",270.2
0,384x640,"14 persons, 2 bicycles,",266.3
0,384x640,"12 persons, 2 bicycles,",267.9
0,384x640,"15 persons, 1 bicycle, 1 potted plant,",277.1
0,384x640,"12 persons, 2 bicycles, 1 potted plant,",269.6
0,384x640,"16 persons, 2 bicycles, 1 potted plant,",262.9
0,384x640,"16 persons, 2 potted plants,",287.5
0,384x640,"19 persons, 2 potted plants,",268.0
0,384x640,"21 persons, 2 potted plants,",271.9
0,384x640,"15 persons, 1 potted plant,",271.1
0,384x640,"15 persons, 1 potted plant,",273.8
0,384x640,"13 persons, 1 potted plant,",271.4
0,384x640,"15 persons, 1 potted plant,",269.9
0,384x640,"14 persons, 2 potted plants,",280.7
0,384x640,"16 persons, 2 potted plants,",272.8
0,384x640,"13 persons, 2 potted plants,",273.6
0,384x640,"13 persons, 1 potted plant,",277.1
0,384x640,"17 persons, 2 potted plants,",271.1
0,384x640,"19 persons, 2 potted plants,",270.7
0,384x640,"17 persons, 2 potted plants,",272.8
0,384x640,"15 persons, 2 potted plants,",273.7
0,384x640,"16 persons, 2 potted plants,",280.0
0,384x640,"16 persons, 1 horse, 3 potted plants,",257.4
0,384x640,"16 persons, 1 horse, 3 potted plants,",279.3
0,384x640,"21 persons, 2 potted plants,",266.8
0,384x640,"23 persons, 2 potted plants,",267.7
0,384x640,"19 persons, 2 potted plants,",279.3
0,384x640,"17 persons, 2 potted plants,",290.0
0,384x640,"22 persons, 1 potted plant,",268.8
0,384x640,"19 persons, 1 potted plant,",411.3
0,384x640,"19 persons, 2 potted plants,",438.6
0,384x640,"18 persons, 1 potted plant,",447.0
0,384x640,"24 persons, 1 potted plant,",429.7
0,384x640,"20 persons, 1 traffic light, 1 potted plant,",416.8
0,384x640,"20 persons, 1 traffic light, 1 potted plant,",451.7
0,384x640,"20 persons, 1 traffic light, 2 potted plants,",432.0
0,384x640,"19 persons, 1 traffic light,",399.6
0,384x640,"21 persons,",405.1
0,384x640,"19 persons,",431.8
0,384x640,"22 persons, 1 potted plant,",411.3
0,384x640,"21 persons,",392.9
0,384x640,"21 persons,",403.2
0,384x640,"21 persons,",402.0
0,384x640,"21 persons,",404.0
0,384x640,"21 persons,",408.2
0,384x640,"21 persons,",421.1
0,384x640,"18 persons,",440.6
0,384x640,"20 persons, 1 potted plant,",345.2
0,384x640,"19 persons, 1 potted plant,",267.9
0,384x640,"20 persons, 1 potted plant,",284.2
0,384x640,"19 persons,",261.0
0,384x640,"19 persons,",277.6
0,384x640,"21 persons, 2 potted plants,",283.5
0,384x640,"17 persons,",267.5
0,384x640,"17 persons,",266.5
0,384x640,"15 persons,",281.6
0,384x640,"18 persons,",277.4
0,384x640,"21 persons,",263.8
0,384x640,"21 persons,",273.7
0,384x640,"18 persons, 1 potted plant,",275.4
0,384x640,"16 persons, 1 potted plant,",273.0
0,384x640,"19 persons, 1 potted plant,",275.7
0,384x640,"18 persons, 1 bicycle,",260.2
0,384x640,"18 persons,",272.9
0,384x640,"18 persons,",278.5
0,384x640,"20 persons,",261.1
0,384x640,"20 persons,",273.5
0,384x640,"20 persons, 1 potted plant,",266.0
0,384x640,"17 persons, 1 potted plant,",273.0
0,384x640,"24 persons, 1 potted plant,",262.1
0,384x640,"21 persons,",267.9
0,384x640,"21 persons,",273.9
0,384x640,"16 persons,",267.8
0,384x640,"12 persons,",287.1
0,384x640,"18 persons, 2 bicycles, 1 potted plant,",268.3
0,384x640,"22 persons, 2 potted plants,",275.9
0,384x640,"19 persons, 1 potted plant,",277.6
0,384x640,"21 persons, 1 potted plant,",265.4
0,384x640,"19 persons,",268.2
0,384x640,"17 persons,",266.4
0,384x640,"21 persons,",272.1
0,384x640,"18 persons,",369.6
0,384x640,"14 persons,",423.2
0,384x640,"15 persons,",464.7
0,384x640,"12 persons,",412.7
0,384x640,"14 persons,",453.3
0,384x640,"14 persons,",429.7
0,384x640,"15 persons,",483.5
0,384x640,"14 persons,",406.6
0,384x640,"17 persons, 1 potted plant,",421.3
0,384x640,"17 persons,",416.2
0,384x640,"20 persons, 1 potted plant,",420.9
0,384x640,"14 persons,",440.8
0,384x640,"16 persons, 1 potted plant,",460.9
0,384x640,"17 persons,",415.5
0,384x640,"14 persons, 1 traffic light,",443.1
0,384x640,"14 persons,",452.7
0,384x640,"18 persons,",439.5
0,384x640,"15 persons, 1 traffic light,",427.3
0,384x640,"17 persons,",267.1
0,384x640,"17 persons,",270.9
0,384x640,"17 persons,",285.3
0,384x640,"15 persons,",272.6
0,384x640,"22 persons,",266.3
0,384x640,"23 persons,",273.3
0,384x640,"17 persons,",286.5
0,384x640,"16 persons,",273.2
0,384x640,"14 persons,",268.9
0,384x640,"15 persons, 1 potted plant,",282.3
0,384x640,"15 persons, 2 potted plants,",263.2
0,384x640,"17 persons, 2 potted plants,",259.6
0,384x640,"17 persons, 2 potted plants,",268.9
0,384x640,"17 persons, 2 potted plants,",296.3
0,384x640,"16 persons, 2 potted plants,",275.8
0,384x640,"17 persons, 1 potted plant,",268.8
0,384x640,"16 persons, 1 potted plant,",280.3
0,384x640,"17 persons, 1 potted plant,",271.1
0,384x640,"16 persons, 1 potted plant,",262.8
0,384x640,"16 persons, 1 potted plant,",269.4
0,384x640,"16 persons, 1 potted plant,",273.5
0,384x640,"16 persons, 1 potted plant,",257.3
0,384x640,"16 persons, 1 potted plant,",260.6
0,384x640,"16 persons, 1 potted plant,",275.5
0,384x640,"16 persons, 1 potted plant,",270.3
0,384x640,"16 persons, 1 potted plant,",276.0
0,384x640,"17 persons, 1 potted plant,",271.3
0,384x640,"13 persons, 1 potted plant,",279.2
0,384x640,"14 persons, 1 potted plant,",268.1
0,384x640,"16 persons, 1 potted plant,",278.0
0,384x640,"17 persons, 1 potted plant,",297.0
0,384x640,"17 persons,",270.7
0,384x640,"16 persons,",271.2
0,384x640,"17 persons,",333.8
0,384x640,"17 persons,",407.2
0,384x640,"17 persons,",446.7
0,384x640,"15 persons, 1 potted plant,",462.3
0,384x640,"11 persons, 1 potted plant,",413.4
0,384x640,"14 persons, 1 boat, 1 potted plant,",430.5
0,384x640,"15 persons, 1 potted plant,",444.0
0,384x640,"14 persons, 1 potted plant,",463.4
0,384x640,"16 persons, 1 traffic light, 1 potted plant,",411.3
0,384x640,"17 persons, 1 potted plant,",418.1
0,384x640,"20 persons, 1 potted plant,",416.1
0,384x640,"19 persons, 1 potted plant,",404.5
0,384x640,"21 persons, 2 potted plants,",423.1
0,384x640,"20 persons, 1 potted plant,",423.6
0,384x640,"15 persons, 1 potted plant,",416.8
0,384x640,"18 persons, 1 potted plant,",434.2
0,384x640,"20 persons,",415.6
0,384x640,"19 persons, 1 potted plant,",434.9
0,384x640,"15 persons,",402.7
0,384x640,"18 persons,",280.1
0,384x640,"14 persons, 1 bicycle, 1 potted plant,",283.3
0,384x640,"15 persons,",265.1
0,384x640,"15 persons,",287.2
0,384x640,"15 persons, 1 potted plant,",274.8
0,384x640,"19 persons, 1 potted plant,",278.1
0,384x640,"19 persons, 1 potted plant,",270.0
0,384x640,"18 persons,",280.4
0,384x640,"20 persons, 1 potted plant,",284.5
0,384x640,"15 persons,",269.8
0,384x640,"20 persons, 1 potted plant,",281.9
0,384x640,"19 persons, 1 potted plant,",268.7
0,384x640,"13 persons, 1 potted plant,",267.7
0,384x640,"13 persons, 1 potted plant,",270.0
0,384x640,"18 persons, 1 potted plant,",276.5
0,384x640,"19 persons, 1 potted plant,",276.2
0,384x640,"21 persons, 1 potted plant,",273.5
0,384x640,"17 persons, 1 potted plant,",280.5
0,384x640,"14 persons, 1 potted plant,",276.0
0,384x640,"14 persons, 1 potted plant,",267.9
0,384x640,"14 persons, 1 potted plant,",270.5
0,384x640,"16 persons,",282.6
0,384x640,"16 persons, 1 potted plant,",270.1
0,384x640,"18 persons,",270.5
0,384x640,"16 persons,",278.2
0,384x640,"16 persons, 1 potted plant,",263.9
0,384x640,"16 persons, 1 potted plant,",276.6
0,384x640,"21 persons,",266.1
0,384x640,"21 persons, 1 potted plant,",275.7
0,384x640,"13 persons, 1 potted plant,",268.1
0,384x640,"17 persons,",274.2
0,384x640,"17 persons,",290.6
0,384x640,"16 persons,",273.0
0,384x640,"15 persons, 1 potted plant,",360.5
0,384x640,"14 persons, 1 potted plant,",420.3
0,384x640,"14 persons, 1 potted plant,",431.0
0,384x640,"20 persons,",439.2
0,384x640,"23 persons, 1 potted plant,",409.9
0,384x640,"19 persons, 2 potted plants,",407.0
0,384x640,"24 persons,",427.8
0,384x640,"21 persons, 1 potted plant,",437.7
0,384x640,"23 persons, 1 potted plant,",408.1
0,384x640,"23 persons, 1 potted plant,",412.4
0,384x640,"23 persons, 1 potted plant,",410.6
0,384x640,"23 persons, 1 potted plant,",404.3
0,384x640,"23 persons, 1 potted plant,",420.7
0,384x640,"23 persons,",431.9
0,384x640,"23 persons,",437.5
0,384x640,"22 persons,",416.8
0,384x640,"20 persons,",439.6
0,384x640,"21 persons, 1 potted plant,",412.9
0,384x640,"21 persons,",365.9
0,384x640,"21 persons,",274.2
0,384x640,"21 persons, 1 horse, 1 elephant, 1 potted plant,",271.8
0,384x640,"21 persons, 1 horse, 1 elephant, 1 potted plant,",269.0
0,384x640,"16 persons,",274.1
0,384x640,"19 persons, 1 potted plant,",270.7
0,384x640,"23 persons,",271.1
0,384x640,"21 persons,",278.9
0,384x640,"21 persons, 2 potted plants,",286.3
0,384x640,"22 persons, 1 potted plant,",274.2
0,384x640,"22 persons, 1 potted plant,",272.7
0,384x640,"21 persons, 2 potted plants,",278.8
0,384x640,"19 persons, 2 potted plants,",275.1
0,384x640,"24 persons, 1 potted plant,",271.4
0,384x640,"16 persons, 1 umbrella,",267.4
0,384x640,"18 persons,",276.5
0,384x640,"17 persons,",270.2
0,384x640,"22 persons,",268.6
0,384x640,"22 persons,",284.0
0,384x640,"24 persons,",285.1
0,384x640,"22 persons,",270.6
0,384x640,"19 persons,",265.1
0,384x640,"23 persons, 1 potted plant,",277.2
0,384x640,"18 persons, 1 potted plant,",272.8
0,384x640,"20 persons,",272.6
0,384x640,"21 persons,",270.9
0,384x640,"21 persons,",287.3
0,384x640,"19 persons,",272.5
0,384x640,"18 persons, 1 potted plant,",275.1
0,384x640,"16 persons,",269.1
0,384x640,"19 persons,",269.7
0,384x640,"18 persons,",272.2
0,384x640,"20 persons,",272.9
0,384x640,"23 persons,",268.5
0,384x640,"23 persons,",420.4
0,384x640,"13 persons, 1 potted plant,",429.7
0,384x640,"14 persons, 1 potted plant,",459.6
0,384x640,"16 persons,",438.9
0,384x640,"18 persons,",410.6
0,384x640,"17 persons, 1 horse,",464.5
0,384x640,"17 persons,",432.8
0,384x640,"20 persons, 1 bicycle,",406.4
0,384x640,"15 persons,",442.9
0,384x640,"16 persons,",411.3
0,384x640,"19 persons, 1 potted plant,",419.9
0,384x640,"14 persons,",402.1
0,384x640,"18 persons,",419.2
0,384x640,"19 persons, 1 backpack,",437.7
0,384x640,"13 persons, 1 backpack,",413.6
0,384x640,"16 persons,",448.6
0,384x640,"15 persons, 1 horse,",420.1
0,384x640,"12 persons, 1 backpack,",389.0
0,384x640,"12 persons, 1 backpack,",278.2
0,384x640,"22 persons,",271.4
0,384x640,"19 persons,",277.0
0,384x640,"19 persons,",268.1
0,384x640,"19 persons,",260.4
0,384x640,"18 persons,",261.7
0,384x640,"18 persons,",281.3
0,384x640,"17 persons, 1 backpack,",268.2
0,384x640,"11 persons,",271.3
0,384x640,"14 persons,",274.7
0,384x640,"18 persons, 1 potted plant,",270.5
0,384x640,"20 persons,",264.0
0,384x640,"19 persons,",266.4
0,384x640,"13 persons,",268.9
0,384x640,"13 persons,",263.0
0,384x640,"13 persons,",262.0
0,384x640,"13 persons,",269.2
0,384x640,"13 persons,",269.1
0,384x640,"13 persons,",259.2
0,384x640,"13 persons,",264.3
0,384x640,"13 persons,",271.7
0,384x640,"13 persons,",273.3
0,384x640,"14 persons,",271.4
0,384x640,"18 persons,",264.2
0,384x640,"15 persons,",278.7
0,384x640,"17 persons,",270.8
0,384x640,"15 persons,",262.0
0,384x640,"15 persons,",280.9
0,384x640,"13 persons,",269.2
0,384x640,"14 persons,",276.5
0,384x640,"16 persons,",274.9
0,384x640,"15 persons,",265.1
0,384x640,"15 persons,",274.5
0,384x640,"10 persons,",267.2
0,384x640,"10 persons,",448.8
0,384x640,"12 persons,",455.5
0,384x640,"13 persons,",445.3
0,384x640,"14 persons,",414.3
0,384x640,"16 persons,",409.0
0,384x640,"16 persons,",423.0
0,384x640,"16 persons,",433.8
0,384x640,"13 persons,",416.2
0,384x640,"14 persons,",420.0
0,384x640,"15 persons,",429.2
0,384x640,"14 persons,",427.3
0,384x640,"16 persons,",400.3
0,384x640,"15 persons,",423.4
0,384x640,"17 persons, 2 potted plants,",414.9
0,384x640,"14 persons,",433.8
0,384x640,"16 persons,",421.5
0,384x640,"15 persons,",435.2
0,384x640,"13 persons,",407.7
0,384x640,"14 persons,",259.1
0,384x640,"14 persons,",276.0
0,384x640,"17 persons,",264.8
0,384x640,"17 persons,",270.5
0,384x640,"16 persons,",273.4
0,384x640,"12 persons,",267.6
0,384x640,"12 persons,",271.6
0,384x640,"11 persons,",265.7
0,384x640,"12 persons,",278.7
0,384x640,"10 persons,",276.0
0,384x640,"13 persons,",257.6
0,384x640,"13 persons,",284.4
0,384x640,"14 persons,",268.8
0,384x640,"11 persons,",271.6
0,384x640,"11 persons,",277.4
0,384x640,"13 persons,",289.9
0,384x640,"12 persons,",265.3
0,384x640,"12 persons,",271.0
0,384x640,"11 persons,",288.8
0,384x640,"12 persons,",267.8
0,384x640,"13 persons,",267.2
0,384x640,"13 persons,",267.8
0,384x640,"12 persons, 1 potted plant,",287.0
0,384x640,"12 persons,",262.3
0,384x640,"12 persons,",261.2
0,384x640,"12 persons,",283.9
0,384x640,"16 persons,",270.0
0,384x640,"12 persons, 1 traffic light,",268.6
0,384x640,"16 persons,",269.5
0,384x640,"16 persons, 2 potted plants,",282.1
0,384x640,"12 persons,",267.5
0,384x640,"16 persons, 2 potted plants,",272.8
0,384x640,"13 persons,",280.7
0,384x640,"16 persons,",266.9
0,384x640,"16 persons,",440.0
0,384x640,"13 persons,",419.0
0,384x640,"15 persons,",427.9
0,384x640,"14 persons,",426.0
0,384x640,"16 persons,",406.3
0,384x640,"14 persons,",439.4
0,384x640,"13 persons,",426.2
0,384x640,"13 persons,",389.8
0,384x640,"13 persons,",391.8
0,384x640,"13 persons,",398.1
0,384x640,"13 persons,",401.4
0,384x640,"13 persons,",421.3
0,384x640,"13 persons,",439.7
0,384x640,"14 persons, 1 potted plant,",439.2
0,384x640,"13 persons, 1 potted plant,",439.7
0,384x640,"16 persons,",433.1
0,384x640,"12 persons,",466.6
0,384x640,"17 persons, 1 potted plant,",400.2
0,384x640,"17 persons, 1 potted plant,",268.7
0,384x640,"15 persons, 1 potted plant,",268.2
0,384x640,"15 persons, 1 potted plant,",268.0
0,384x640,"14 persons,",276.1
0,384x640,"17 persons, 1 potted plant,",264.4
0,384x640,"15 persons, 1 potted plant,",264.3
0,384x640,"15 persons, 1 potted plant,",276.4
0,384x640,"15 persons, 1 potted plant,",272.4
0,384x640,"18 persons, 1 potted plant,",263.4
0,384x640,"17 persons, 1 potted plant,",263.7
0,384x640,"16 persons, 1 potted plant,",262.6
0,384x640,"16 persons, 1 potted plant,",265.8
0,384x640,"16 persons, 1 traffic light, 1 potted plant,",278.4
0,384x640,"19 persons, 1 traffic light,",267.8
0,384x640,"15 persons,",261.0
0,384x640,"15 persons,",267.6
0,384x640,"15 persons,",256.1
0,384x640,"15 persons,",281.2
0,384x640,"13 persons,",267.5
0,384x640,"11 persons,",280.3
0,384x640,"14 persons,",282.8
0,384x640,"11 persons,",264.7
0,384x640,"10 persons,",274.3
0,384x640,"12 persons,",258.9
0,384x640,"12 persons,",280.3
0,384x640,"13 persons,",269.9
0,384x640,"11 persons,",271.4
0,384x640,"13 persons,",291.1
0,384x640,"13 persons,",275.1
0,384x640,"17 persons,",265.8
0,384x640,"17 persons,",280.3
0,384x640,"16 persons,",264.0
0,384x640,"16 persons,",281.8
0,384x640,"14 persons,",262.6
0,384x640,"14 persons,",447.0
0,384x640,"13 persons,",432.9
0,384x640,"12 persons,",455.8
0,384x640,"15 persons,",398.1
0,384x640,"18 persons,",431.3
0,384x640,"17 persons,",439.5
0,384x640,"15 persons,",430.9
0,384x640,"16 persons,",421.1
0,384x640,"12 persons,",413.5
0,384x640,"14 persons,",424.9
0,384x640,"13 persons,",405.6
0,384x640,"14 persons,",423.6
0,384x640,"16 persons,",410.9
0,384x640,"17 persons,",427.6
0,384x640,"13 persons,",432.4
0,384x640,"19 persons,",431.4
0,384x640,"11 persons,",416.8
0,384x640,"10 persons,",371.3
0,384x640,"18 persons,",276.9
0,384x640,"19 persons,",279.0
0,384x640,"16 persons,",263.1
0,384x640,"14 persons,",273.1
0,384x640,"14 persons,",272.0
0,384x640,"14 persons, 1 bench,",263.5
0,384x640,"12 persons,",260.3
0,384x640,"12 persons,",286.1
0,384x640,"10 persons,",259.0
0,384x640,"11 persons,",262.2
0,384x640,"10 persons,",272.0
0,384x640,"12 persons,",276.7
0,384x640,"12 persons,",266.2
0,384x640,"12 persons,",268.0
0,384x640,"12 persons,",276.8
0,384x640,"12 persons,",260.6
0,384x640,"12 persons,",263.4
0,384x640,"12 persons,",264.3
0,384x640,"12 persons,",269.9
0,384x640,"12 persons,",258.5
0,384x640,"12 persons,",286.4
0,384x640,"11 persons,",285.2
0,384x640,"11 persons,",269.6
0,384x640,"8 persons,",265.8
0,384x640,"8 persons,",271.0
0,384x640,"9 persons,",281.7
0,384x640,"10 persons,",264.9
0,384x640,"10 persons,",277.5
0,384x640,"12 persons, 1 potted plant,",281.9
0,384x640,"10 persons,",274.1
0,384x640,"10 persons,",266.4
0,384x640,"8 persons,",269.9
0,384x640,"11 persons,",286.7
0,384x640,"13 persons,",280.4
0,384x640,"13 persons,",433.5
0,384x640,"12 persons,",439.2
0,384x640,"12 persons,",472.9
0,384x640,"15 persons,",399.7
0,384x640,"13 persons,",439.7
0,384x640,"13 persons,",467.9
0,384x640,"11 persons,",426.1
0,384x640,"10 persons,",414.0
0,384x640,"15 persons, 1 bench, 2 potted plants,",444.9
0,384x640,"12 persons,",415.3
0,384x640,"12 persons,",435.2
0,384x640,"12 persons, 1 bench,",410.4
0,384x640,"13 persons, 1 bench,",424.7
0,384x640,"11 persons,",413.0
0,384x640,"12 persons,",421.2
0,384x640,"17 persons, 1 potted plant,",432.5
0,384x640,"12 persons,",409.1
0,384x640,"13 persons,",369.6
0,384x640,"14 persons, 1 potted plant,",272.7
0,384x640,"13 persons,",264.3
0,384x640,"15 persons,",285.7
0,384x640,"12 persons, 1 bench,",268.7
0,384x640,"15 persons, 1 bench,",268.4
0,384x640,"16 persons, 1 bench, 1 potted plant,",289.1
0,384x640,"17 persons, 1 bench, 1 potted plant,",271.9
0,384x640,"15 persons, 1 potted plant,",265.7
0,384x640,"14 persons,",259.9
0,384x640,"14 persons,",271.2
0,384x640,"14 persons,",272.2
0,384x640,"14 persons, 1 potted plant,",276.6
0,384x640,"15 persons, 1 potted plant,",278.5
0,384x640,"15 persons, 1 potted plant,",277.6
0,384x640,"17 persons, 1 bench, 1 potted plant,",269.8
0,384x640,"19 persons,",277.3
0,384x640,"13 persons,",267.8
0,384x640,"13 persons,",265.8
0,384x640,"16 persons,",269.5
0,384x640,"17 persons,",290.2
0,384x640,"17 persons,",270.9
0,384x640,"14 persons,",269.0
0,384x640,"14 persons,",285.1
0,384x640,"14 persons,",268.7
0,384x640,"14 persons,",266.1
0,384x640,"14 persons,",269.9
0,384x640,"14 persons,",291.8
0,384x640,"15 persons, 1 potted plant,",271.3
0,384x640,"14 persons, 1 potted plant,",274.7
0,384x640,"16 persons, 1 car, 2 potted plants,",286.4
0,384x640,"15 persons, 1 bench, 2 potted plants,",273.4
0,384x640,"12 persons, 1 potted plant,",270.6
0,384x640,"13 persons, 1 bicycle, 2 potted plants,",271.9
0,384x640,"12 persons, 1 traffic light, 1 potted plant,",387.1
0,384x640,"18 persons,",428.7
0,384x640,"16 persons,",432.9
0,384x640,"15 persons,",422.0
0,384x640,"20 persons,",436.5
0,384x640,"14 persons, 1 potted plant,",421.2
0,384x640,"16 persons, 1 bench, 1 potted plant,",429.7
0,384x640,"16 persons, 1 bench, 1 potted plant,",401.6
0,384x640,"16 persons, 1 bench, 1 potted plant,",396.4
0,384x640,"16 persons, 1 bench, 1 potted plant,",409.1
0,384x640,"16 persons, 1 bench, 1 potted plant,",406.3
0,384x640,"16 persons, 1 bench, 1 potted plant,",411.2
0,384x640,"16 persons, 1 bench, 1 potted plant,",409.2
0,384x640,"17 persons, 1 potted plant,",453.4
0,384x640,"16 persons, 1 potted plant,",413.9
0,384x640,"16 persons, 1 potted plant,",440.0
0,384x640,"12 persons,",417.4
0,384x640,"12 persons,",410.9
0,384x640,"14 persons,",362.8
0,384x640,"12 persons,",270.9
0,384x640,"13 persons,",276.6
0,384x640,"12 persons,",270.4
0,384x640,"12 persons,",284.0
0,384x640,"13 persons,",275.2
0,384x640,"14 persons,",290.9
0,384x640,"13 persons, 1 potted plant,",284.2
0,384x640,"13 persons, 1 potted plant,",282.1
0,384x640,"15 persons,",277.7
0,384x640,"15 persons,",316.3
0,384x640,"11 persons,",272.6
0,384x640,"12 persons, 1 potted plant,",275.3
0,384x640,"15 persons, 1 potted plant,",289.0
0,384x640,"12 persons,",296.8
0,384x640,"13 persons,",285.6
0,384x640,"12 persons,",278.6
0,384x640,"11 persons,",282.8
0,384x640,"13 persons, 1 potted plant,",276.9
0,384x640,"12 persons, 1 potted plant,",274.5
0,384x640,"13 persons, 1 potted plant,",292.0
0,384x640,"12 persons,",265.9
0,384x640,"12 persons,",279.6
0,384x640,"16 persons,",267.6
0,384x640,"15 persons, 2 potted plants,",267.5
0,384x640,"12 persons,",269.6
0,384x640,"16 persons,",271.8
0,384x640,"16 persons,",290.0
0,384x640,"12 persons, 1 potted plant,",270.2
0,384x640,"13 persons, 1 potted plant,",269.8
0,384x640,"13 persons, 1 potted plant,",276.9
0,384x640,"14 persons, 1 potted plant,",274.3
0,384x640,"16 persons, 1 potted plant,",274.3
0,384x640,"13 persons, 1 potted plant,",297.4
0,384x640,"13 persons, 1 potted plant,",403.0
0,384x640,"13 persons, 1 potted plant,",429.7
0,384x640,"12 persons, 1 bench, 1 potted plant,",432.3
0,384x640,"14 persons,",416.0
0,384x640,"14 persons,",411.2
0,384x640,"13 persons, 1 bench,",435.9
0,384x640,"15 persons, 1 bench,",453.7
0,384x640,"14 persons, 1 bench, 1 potted plant,",439.2
0,384x640,"12 persons, 1 potted plant,",412.1
0,384x640,"14 persons, 1 potted plant,",411.8
0,384x640,"17 persons, 1 potted plant,",395.8
0,384x640,"13 persons, 1 boat, 1 bench, 1 potted plant,",418.0
0,384x640,"14 persons, 1 bench,",407.1
0,384x640,"10 persons, 1 bench,",426.5
0,384x640,"13 persons, 1 bench, 1 potted plant,",437.8
0,384x640,"13 persons, 1 bench, 1 potted plant,",427.4
0,384x640,"13 persons,",457.7
0,384x640,"13 persons, 1 bench,",413.6
0,384x640,"12 persons, 1 bench,",272.2
0,384x640,"10 persons, 1 bench,",274.8
0,384x640,"11 persons, 1 bench,",270.1
0,384x640,"9 persons, 1 bench,",270.0
0,384x640,"9 persons, 1 bench,",272.0
0,384x640,"9 persons, 1 bench,",272.1
0,384x640,"10 persons, 1 bench,",280.6
0,384x640,"12 persons, 1 potted plant,",266.7
0,384x640,"12 persons, 1 potted plant,",277.0
0,384x640,"13 persons, 1 potted plant,",263.9
0,384x640,"13 persons, 1 potted plant,",265.3
0,384x640,"13 persons, 1 potted plant,",271.7
0,384x640,"13 persons, 1 potted plant,",263.2
0,384x640,"13 persons, 1 potted plant,",258.4
0,384x640,"13 persons, 1 potted plant,",270.8
0,384x640,"13 persons, 1 potted plant,",270.3
0,384x640,"13 persons, 1 potted plant,",259.9
0,384x640,"13 persons, 1 potted plant,",255.9
0,384x640,"13 persons, 1 potted plant,",292.8
0,384x640,"14 persons,",264.6
0,384x640,"14 persons,",268.8
0,384x640,"15 persons, 1 bench,",267.2
0,384x640,"13 persons,",273.4
0,384x640,"13 persons, 1 potted plant,",271.0
0,384x640,"13 persons,",265.1
0,384x640,"12 persons,",280.7
0,384x640,"12 persons,",269.9
0,384x640,"11 persons,",266.5
0,384x640,"13 persons,",273.9
0,384x640,"12 persons,",277.5
0,384x640,"12 persons,",265.6
0,384x640,"12 persons,",284.5
0,384x640,"12 persons,",279.4
0,384x640,"12 persons,",266.3
0,384x640,"13 persons,",368.4
0,384x640,"13 persons,",417.2
0,384x640,"12 persons,",447.1
0,384x640,"14 persons,",438.4
0,384x640,"13 persons,",393.9
0,384x640,"13 persons,",456.6
0,384x640,"11 persons,",441.3
0,384x640,"9 persons,",435.4
0,384x640,"13 persons,",393.3
0,384x640,"13 persons,",403.5
0,384x640,"13 persons,",458.1
0,384x640,"11 persons,",409.8
0,384x640,"12 persons,",434.4
0,384x640,"9 persons,",426.6
0,384x640,"9 persons,",442.4
0,384x640,"10 persons,",437.7
0,384x640,"14 persons,",426.1
0,384x640,"12 persons,",427.5
0,384x640,"14 persons,",326.1
0,384x640,"14 persons,",260.6
0,384x640,"14 persons,",267.0
0,384x640,"14 persons,",276.0
0,384x640,"14 persons,",276.3
0,384x640,"11 persons,",271.0
0,384x640,"10 persons,",288.3
0,384x640,"9 persons, 1 potted plant,",268.9
0,384x640,"12 persons, 1 potted plant,",266.4
0,384x640,"14 persons, 1 potted plant,",272.7
0,384x640,"13 persons,",274.9
0,384x640,"12 persons,",264.5
0,384x640,"12 persons,",271.2
0,384x640,"11 persons,",283.4
0,384x640,"12 persons,",260.2
0,384x640,"12 persons,",254.9
0,384x640,"12 persons,",273.9
0,384x640,"14 persons, 1 potted plant,",266.3
0,384x640,"10 persons,",264.5
0,384x640,"11 persons, 1 potted plant,",273.8
0,384x640,"12 persons, 1 potted plant,",275.4
0,384x640,"12 persons,",269.5
0,384x640,"11 persons, 1 bench,",264.6
0,384x640,"10 persons,",265.9
0,384x640,"11 persons,",286.1
0,384x640,"12 persons,",274.5
0,384x640,"12 persons,",268.4
0,384x640,"9 persons,",282.8
0,384x640,"13 persons,",268.3
0,384x640,"13 persons,",261.5
0,384x640,"12 persons,",274.8
0,384x640,"9 persons,",273.9
0,384x640,"10 persons,",272.5
0,384x640,"13 persons,",278.8
0,384x640,"15 persons,",329.3
0,384x640,"14 persons,",427.0
0,384x640,"14 persons,",469.5
0,384x640,"15 persons,",420.6
0,384x640,"15 persons,",397.0
0,384x640,"15 persons,",406.7
0,384x640,"15 persons,",426.0
0,384x640,"15 persons,",413.8
0,384x640,"15 persons,",427.4
0,384x640,"12 persons, 1 potted plant,",437.2
0,384x640,"12 persons, 1 potted plant,",416.2
0,384x640,"13 persons,",419.5
0,384x640,"14 persons, 2 potted plants,",419.5
0,384x640,"11 persons, 1 potted plant,",412.9
0,384x640,"15 persons, 1 potted plant,",453.3
0,384x640,"15 persons, 1 potted plant,",423.5
0,384x640,"12 persons, 2 potted plants,",414.1
0,384x640,"12 persons, 2 potted plants,",418.7
0,384x640,"11 persons, 1 potted plant,",332.1
0,384x640,"10 persons, 1 potted plant,",271.5
0,384x640,"12 persons, 1 potted plant,",270.5
0,384x640,"11 persons, 1 potted plant,",266.3
0,384x640,"12 persons, 1 potted plant,",279.6
0,384x640,"14 persons, 2 potted plants,",267.9
0,384x640,"15 persons, 2 potted plants,",271.8
0,384x640,"15 persons, 2 potted plants,",266.0
0,384x640,"13 persons, 2 potted plants,",277.4
0,384x640,"13 persons, 2 potted plants,",273.5
0,384x640,"14 persons, 1 potted plant,",278.0
0,384x640,"16 persons, 1 potted plant,",274.0
0,384x640,"13 persons, 1 potted plant,",267.3
0,384x640,"13 persons, 1 potted plant,",283.9
0,384x640,"14 persons, 1 backpack, 1 potted plant,",270.5
0,384x640,"16 persons, 1 potted plant,",269.0
0,384x640,"15 persons, 1 potted plant,",270.7
0,384x640,"18 persons, 1 potted plant,",260.9
0,384x640,"16 persons,",278.7
0,384x640,"14 persons, 1 potted plant,",276.0
0,384x640,"14 persons, 1 potted plant,",265.7
0,384x640,"14 persons, 1 potted plant,",272.7
0,384x640,"15 persons,",276.6
0,384x640,"13 persons,",275.7
0,384x640,"12 persons,",264.6
0,384x640,"12 persons,",284.0
0,384x640,"14 persons,",275.1
0,384x640,"13 persons,",268.5
0,384x640,"13 persons,",276.6
0,384x640,"13 persons,",269.9
0,384x640,"12 persons,",269.4
0,384x640,"13 persons,",275.8
0,384x640,"12 persons,",282.7
0,384x640,"16 persons,",274.8
0,384x640,"13 persons,",393.0
0,384x640,"16 persons,",440.2
0,384x640,"13 persons,",444.3
0,384x640,"15 persons,",444.2
0,384x640,"15 persons,",419.6
0,384x640,"14 persons,",474.6
0,384x640,"12 persons,",444.6
0,384x640,"14 persons,",399.7
0,384x640,"17 persons,",422.9
0,384x640,"17 persons,",412.8
0,384x640,"20 persons,",431.2
0,384x640,"22 persons,",412.4
0,384x640,"17 persons,",425.2
0,384x640,"20 persons,",428.8
0,384x640,"21 persons,",438.3
0,384x640,"21 persons,",428.0
0,384x640,"20 persons,",435.8
0,384x640,"17 persons, 1 potted plant,",427.0
0,384x640,"18 persons, 1 potted plant,",277.1
0,384x640,"17 persons, 1 potted plant,",273.7
0,384x640,"21 persons, 1 potted plant,",294.1
0,384x640,"22 persons, 1 potted plant,",258.8
0,384x640,"22 persons, 1 potted plant,",276.3
0,384x640,"19 persons,",275.6
0,384x640,"20 persons,",259.0
0,384x640,"20 persons,",264.0
0,384x640,"20 persons,",266.3
0,384x640,"20 persons,",273.6
0,384x640,"20 persons,",261.7
0,384x640,"20 persons,",262.1
0,384x640,"20 persons,",269.9
0,384x640,"20 persons,",259.9
0,384x640,"20 persons,",258.0
0,384x640,"20 persons,",286.0
0,384x640,"19 persons,",282.8
0,384x640,"19 persons, 1 potted plant,",279.0
0,384x640,"18 persons, 1 potted plant,",269.0
0,384x640,"15 persons, 2 potted plants,",266.4
0,384x640,"17 persons, 2 potted plants,",259.2
0,384x640,"21 persons, 1 potted plant,",268.6
0,384x640,"16 persons, 1 potted plant,",265.0
0,384x640,"17 persons,",273.4
0,384x640,"17 persons,",273.9
0,384x640,"18 persons, 1 potted plant,",276.9
0,384x640,"18 persons, 1 potted plant,",271.3
0,384x640,"18 persons, 1 potted plant,",273.4
0,384x640,"17 persons, 1 potted plant,",289.5
0,384x640,"17 persons, 1 potted plant,",266.1
0,384x640,"17 persons, 1 potted plant,",287.5
0,384x640,"17 persons, 1 motorcycle, 1 potted plant,",281.2
0,384x640,"16 persons, 1 potted plant,",268.4
0,384x640,"16 persons, 1 truck, 1 potted plant,",295.5
0,384x640,"16 persons, 1 potted plant,",414.6
0,384x640,"16 persons, 1 potted plant,",435.4
0,384x640,"14 persons, 1 potted plant,",469.3
0,384x640,"16 persons, 1 potted plant,",406.0
0,384x640,"17 persons, 1 potted plant,",444.7
0,384x640,"18 persons, 2 potted plants,",444.2
0,384x640,"17 persons, 1 potted plant,",436.8
0,384x640,"17 persons, 1 potted plant,",431.4
0,384x640,"17 persons,",428.2
0,384x640,"16 persons, 1 potted plant,",427.1
0,384x640,"15 persons,",413.8
0,384x640,"14 persons,",417.8
0,384x640,"16 persons, 1 potted plant,",434.2
0,384x640,"16 persons,",424.0
0,384x640,"20 persons,",443.6
0,384x640,"15 persons,",422.4
0,384x640,"16 persons,",417.4
0,384x640,"16 persons,",355.0
0,384x640,"15 persons,",282.9
0,384x640,"14 persons,",270.0
0,384x640,"14 persons,",281.6
0,384x640,"10 persons,",282.7
0,384x640,"13 persons,",268.7
0,384x640,"12 persons,",270.4
0,384x640,"15 persons, 1 potted plant,",280.6
0,384x640,"12 persons, 1 potted plant,",278.7
0,384x640,"15 persons, 1 potted plant,",261.9
0,384x640,"15 persons, 1 potted plant,",270.4
0,384x640,"14 persons,",286.0
0,384x640,"14 persons,",262.7
0,384x640,"12 persons,",262.9
0,384x640,"12 persons,",287.6
0,384x640,"13 persons,",273.1
0,384x640,"11 persons,",263.3
0,384x640,"11 persons,",279.9
0,384x640,"12 persons,",280.7
0,384x640,"13 persons,",275.2
0,384x640,"13 persons,",263.2
0,384x640,"12 persons,",282.4
0,384x640,"11 persons,",265.9
0,384x640,"11 persons,",275.8
0,384x640,"13 persons,",270.8
0,384x640,"15 persons,",281.0
0,384x640,"14 persons,",258.1
0,384x640,"14 persons,",262.3
0,384x640,"15 persons,",281.5
0,384x640,"18 persons,",270.0
0,384x640,"15 persons,",263.8
0,384x640,"15 persons,",266.7
0,384x640,"15 persons,",288.9
0,384x640,"17 persons,",261.0
0,384x640,"13 persons,",378.0
0,384x640,"10 persons,",413.0
0,384x640,"10 persons,",424.9
0,384x640,"10 persons,",426.7
0,384x640,"10 persons,",384.0
0,384x640,"10 persons,",399.9
0,384x640,"10 persons,",464.2
0,384x640,"9 persons,",445.8
0,384x640,"9 persons,",412.7
0,384x640,"11 persons,",429.8
0,384x640,"10 persons,",447.8
0,384x640,"10 persons,",391.1
0,384x640,"10 persons,",433.2
0,384x640,"11 persons,",427.7
0,384x640,"8 persons,",446.6
0,384x640,"12 persons,",442.3
0,384x640,"13 persons,",445.6
0,384x640,"13 persons,",411.6
0,384x640,"13 persons, 1 bicycle,",327.4
0,384x640,"15 persons,",270.7
0,384x640,"16 persons,",272.1
0,384x640,"16 persons, 1 handbag,",263.7
0,384x640,"16 persons, 1 handbag,",279.5
0,384x640,"13 persons, 1 handbag,",266.4
0,384x640,"13 persons, 1 handbag,",280.2
0,384x640,"10 persons, 1 handbag,",273.6
0,384x640,"15 persons,",264.4
0,384x640,"12 persons, 1 handbag,",274.9
0,384x640,"12 persons, 1 handbag,",273.7
0,384x640,"12 persons, 1 handbag,",274.4
0,384x640,"10 persons,",272.4
0,384x640,"11 persons,",263.1
0,384x640,"11 persons,",274.5
0,384x640,"12 persons,",264.2
0,384x640,"13 persons,",284.7
0,384x640,"15 persons,",274.6
0,384x640,"14 persons,",273.9
0,384x640,"15 persons,",272.9
0,384x640,"13 persons,",266.0
0,384x640,"15 persons,",275.2
0,384x640,"15 persons,",265.8
0,384x640,"11 persons, 1 potted plant,",279.8
0,384x640,"14 persons,",273.2
0,384x640,"17 persons,",268.8
0,384x640,"14 persons,",294.6
0,384x640,"16 persons,",281.5
0,384x640,"16 persons,",269.1
0,384x640,"16 persons,",277.2
0,384x640,"16 persons,",291.1
0,384x640,"14 persons,",274.7
0,384x640,"15 persons,",270.9
0,384x640,"14 persons,",277.8
0,384x640,"12 persons,",433.5
0,384x640,"13 persons,",461.9
0,384x640,"14 persons, 1 handbag,",446.4
0,384x640,"14 persons,",425.8
0,384x640,"13 persons, 1 handbag, 1 potted plant,",415.5
0,384x640,"14 persons, 1 handbag, 1 potted plant,",438.8
0,384x640,"18 persons, 1 horse, 1 handbag,",460.8
0,384x640,"16 persons, 1 handbag,",410.1
0,384x640,"17 persons, 1 handbag,",436.9
0,384x640,"14 persons,",449.5
0,384x640,"17 persons,",436.2
0,384x640,"18 persons,",429.2
0,384x640,"17 persons,",424.7
0,384x640,"18 persons,",440.8
0,384x640,"15 persons,",447.8
0,384x640,"16 persons,",437.2
0,384x640,"15 persons,",424.9
0,384x640,"14 persons,",340.3
0,384x640,"13 persons,",266.4
0,384x640,"13 persons,",264.7
0,384x640,"13 persons,",269.0
0,384x640,"13 persons,",276.0
0,384x640,"13 persons,",259.2
0,384x640,"13 persons,",261.3
0,384x640,"13 persons,",271.3
0,384x640,"13 persons,",265.6
0,384x640,"13 persons,",269.2
0,384x640,"14 persons,",276.0
0,384x640,"14 persons,",269.6
0,384x640,"14 persons,",267.5
0,384x640,"11 persons,",263.8
0,384x640,"11 persons,",275.3
0,384x640,"15 persons,",270.9
0,384x640,"16 persons,",267.2
0,384x640,"16 persons,",291.2
0,384x640,"13 persons,",284.6
0,384x640,"13 persons,",270.6
0,384x640,"11 persons,",261.3
0,384x640,"12 persons,",293.4
0,384x640,"14 persons,",270.7
0,384x640,"13 persons,",265.3
0,384x640,"12 persons,",282.0
0,384x640,"15 persons, 1 potted plant,",270.5
0,384x640,"15 persons, 1 potted plant,",267.4
0,384x640,"18 persons,",264.6
0,384x640,"18 persons,",270.3
0,384x640,"18 persons,",278.5
0,384x640,"17 persons,",266.3
0,384x640,"16 persons, 1 backpack,",274.3
0,384x640,"17 persons, 1 potted plant,",272.9
0,384x640,"15 persons, 1 potted plant,",275.6
0,384x640,"13 persons, 1 potted plant,",324.2
0,384x640,"17 persons, 1 potted plant,",418.5
0,384x640,"15 persons, 1 potted plant,",424.1
0,384x640,"13 persons, 1 potted plant,",454.0
0,384x640,"15 persons, 1 potted plant,",385.6
0,384x640,"15 persons, 1 potted plant,",428.4
0,384x640,"15 persons,",425.1
0,384x640,"15 persons,",443.2
0,384x640,"16 persons,",415.2
0,384x640,"12 persons,",410.9
0,384x640,"13 persons,",448.3
0,384x640,"12 persons, 1 baseball glove, 1 potted plant,",404.1
0,384x640,"10 persons, 1 baseball glove, 1 potted plant,",443.2
0,384x640,"12 persons, 1 baseball glove,",440.4
0,384x640,"11 persons, 1 potted plant,",423.6
0,384x640,"15 persons, 1 potted plant,",447.3
0,384x640,"16 persons,",409.7
0,384x640,"16 persons,",410.0
0,384x640,"16 persons,",308.8
0,384x640,"16 persons,",263.3
0,384x640,"15 persons,",286.0
0,384x640,"16 persons,",261.6
0,384x640,"15 persons, 1 potted plant,",266.1
0,384x640,"12 persons,",275.6
0,384x640,"14 persons,",272.0
0,384x640,"14 persons,",280.8
0,384x640,"13 persons,",270.9
0,384x640,"14 persons,",281.0
0,384x640,"14 persons,",286.5
0,384x640,"13 persons,",263.6
0,384x640,"13 persons,",283.3
0,384x640,"13 persons,",274.4
0,384x640,"16 persons, 1 potted plant,",262.5
0,384x640,"16 persons, 1 potted plant,",272.6
0,384x640,"10 persons, 1 potted plant,",282.2
0,384x640,"10 persons,",261.4
0,384x640,"9 persons,",273.4
0,384x640,"14 persons, 1 potted plant,",268.6
0,384x640,"13 persons, 1 potted plant,",262.4
0,384x640,"13 persons, 1 potted plant,",272.8
0,384x640,"14 persons, 1 potted plant,",273.0
0,384x640,"15 persons,",290.8
0,384x640,"13 persons,",277.9
0,384x640,"12 persons,",270.7
0,384x640,"10 persons,",285.4
0,384x640,"15 persons,",263.5
0,384x640,"15 persons,",290.6
0,384x640,"11 persons, 1 potted plant,",264.7
0,384x640,"11 persons, 1 potted plant,",272.2
0,384x640,"11 persons, 1 potted plant,",263.0
0,384x640,"11 persons, 1 potted plant,",277.2
0,384x640,"11 persons, 1 potted plant,",272.2
0,384x640,"11 persons, 1 potted plant,",377.8
0,384x640,"11 persons, 1 potted plant,",417.6
0,384x640,"11 persons, 1 potted plant,",435.2
0,384x640,"11 persons, 1 potted plant,",441.2
0,384x640,"14 persons, 1 kite,",400.5
0,384x640,"12 persons,",437.7
0,384x640,"12 persons, 1 potted plant,",432.7
0,384x640,"14 persons,",421.7
0,384x640,"15 persons, 1 potted plant,",402.4
0,384x640,"9 persons, 1 potted plant,",425.7
0,384x640,"15 persons, 2 potted plants,",417.5
0,384x640,"13 persons, 1 potted plant,",395.9
0,384x640,"13 persons, 1 potted plant,",428.1
0,384x640,"13 persons,",410.8
0,384x640,"13 persons,",446.9
0,384x640,"11 persons,",442.0
0,384x640,"16 persons,",429.6
0,384x640,"14 persons,",412.8
0,384x640,"10 persons,",326.3
0,384x640,"13 persons,",270.8
0,384x640,"14 persons,",283.5
0,384x640,"13 persons,",266.3
0,384x640,"13 persons,",291.2
0,384x640,"9 persons,",275.6
0,384x640,"13 persons,",272.6
0,384x640,"13 persons,",284.5
0,384x640,"12 persons,",269.4
0,384x640,"13 persons,",276.4
0,384x640,"13 persons, 1 potted plant,",269.3
0,384x640,"11 persons, 1 potted plant,",269.7
0,384x640,"11 persons, 1 potted plant,",263.1
0,384x640,"13 persons, 1 potted plant,",267.4
0,384x640,"13 persons, 1 potted plant,",277.1
0,384x640,"10 persons, 1 potted plant,",264.3
0,384x640,"11 persons, 1 potted plant,",265.9
0,384x640,"12 persons, 1 potted plant,",259.9
0,384x640,"12 persons, 1 potted plant,",281.9
0,384x640,"10 persons, 1 potted plant,",271.9
0,384x640,"13 persons, 1 potted plant,",270.2
0,384x640,"12 persons,",270.5
0,384x640,"12 persons,",258.9
0,384x640,"10 persons,",259.9
0,384x640,"13 persons,",263.3
0,384x640,"14 persons,",283.1
0,384x640,"14 persons,",263.1
0,384x640,"13 persons,",266.4
0,384x640,"13 persons,",273.3
0,384x640,"13 persons,",268.2
0,384x640,"11 persons,",265.7
0,384x640,"12 persons,",271.6
0,384x640,"15 persons,",276.9
0,384x640,"14 persons,",273.1
0,384x640,"16 persons,",369.0
0,384x640,"14 persons,",420.4
0,384x640,"16 persons,",423.6
0,384x640,"15 persons, 2 potted plants,",433.7
0,384x640,"18 persons, 2 potted plants,",384.7
0,384x640,"18 persons, 2 potted plants,",425.4
0,384x640,"15 persons, 1 cow, 2 potted plants,",428.9
0,384x640,"17 persons, 2 potted plants,",417.2
0,384x640,"11 persons, 2 potted plants,",413.4
0,384x640,"16 persons,",421.4
0,384x640,"14 persons, 1 backpack, 1 potted plant,",426.3
0,384x640,"17 persons, 2 potted plants,",415.5
0,384x640,"14 persons, 2 potted plants,",396.8
0,384x640,"14 persons, 2 potted plants,",434.0
0,384x640,"18 persons, 1 potted plant,",418.7
0,384x640,"16 persons, 2 potted plants,",417.8
0,384x640,"14 persons, 2 potted plants,",405.8
0,384x640,"14 persons, 2 potted plants,",392.4
0,384x640,"14 persons, 2 potted plants,",338.4
0,384x640,"14 persons, 2 potted plants,",268.0
0,384x640,"14 persons, 2 potted plants,",278.3
0,384x640,"14 persons, 2 potted plants,",261.2
0,384x640,"14 persons, 2 potted plants,",269.4
0,384x640,"14 persons, 2 potted plants,",283.8
0,384x640,"15 persons, 1 potted plant,",274.7
0,384x640,"13 persons, 1 potted plant,",284.5
0,384x640,"16 persons,",265.0
0,384x640,"16 persons,",285.6
0,384x640,"14 persons, 1 potted plant,",274.3
0,384x640,"12 persons,",269.8
0,384x640,"13 persons,",276.8
0,384x640,"13 persons,",270.6
0,384x640,"15 persons,",265.5
0,384x640,"12 persons,",258.4
0,384x640,"12 persons,",268.9
0,384x640,"13 persons,",266.0
0,384x640,"13 persons, 1 potted plant,",266.0
0,384x640,"13 persons, 1 potted plant,",301.7
0,384x640,"12 persons, 1 potted plant,",270.7
0,384x640,"12 persons, 1 potted plant,",276.3
0,384x640,"16 persons, 2 potted plants,",263.1
0,384x640,"16 persons, 2 potted plants,",275.4
0,384x640,"15 persons, 2 potted plants,",282.5
0,384x640,"14 persons, 2 potted plants,",268.9
0,384x640,"17 persons, 2 potted plants,",285.8
0,384x640,"15 persons, 2 potted plants,",271.7
0,384x640,"18 persons, 2 potted plants,",274.2
0,384x640,"18 persons, 2 potted plants,",266.2
0,384x640,"17 persons, 2 potted plants,",291.0
0,384x640,"15 persons,",285.2
0,384x640,"15 persons, 1 potted plant,",267.1
0,384x640,"15 persons, 1 potted plant,",283.1
0,384x640,"21 persons,",403.4
0,384x640,"15 persons, 1 potted plant,",413.4
0,384x640,"15 persons, 1 potted plant,",470.8
0,384x640,"14 persons, 2 potted plants,",409.2
0,384x640,"14 persons, 2 potted plants,",455.3
0,384x640,"(no detections),",415.8
0,384x640,"(no detections),",434.4
0,384x640,"(no detections),",391.6
0,384x640,"(no detections),",388.6
0,384x640,"(no detections),",411.6
0,384x640,"(no detections),",397.9
0,384x640,"(no detections),",392.5
0,384x640,"(no detections),",392.2
0,384x640,"(no detections),",435.9
0,384x640,"(no detections),",414.0
0,384x640,"(no detections),",400.3
0,384x640,"(no detections),",417.1
0,384x640,"(no detections),",408.2
0,384x640,"(no detections),",395.4
