[34m[1mdetect:,"[0mweights=['yolov5s.pt'],","source=https://youtu.be/d4xmdH2NKRI,","data=data/coco128.yaml,","imgsz=[640,","640],","conf_thres=0.25,","iou_thres=0.45,","max_det=1000,","device=,","view_img=False,","save_txt=False,","save_csv=False,","save_conf=False,","save_crop=False,","nosave=False,","classes=None,","agnostic_nms=False,","augment=False,","visualize=False,","update=False,","project=runs/detect,","name=exp,","exist_ok=False,","line_thickness=3,","hide_labels=False,","hide_conf=False,","half=False,","dnn=False,",vid_stride=1
YOLOv5,ðŸš€,v7.0-247-g3f02fde,Python-3.10.12,torch-2.1.0+cu118,CPU

Downloading,https://github.com/ultralytics/yolov5/releases/download/v7.0/yolov5s.pt,to,yolov5s.pt...
0%,0.00/14.1M,"[00:00<?,",?B/s],29%,4.08M/14.1M,"[00:00<00:00,",42.8MB/s],100%,14.1M/14.1M,"[00:00<00:00,",106MB/s]

Fusing,layers...
YOLOv5s,summary:,213,"layers,",7225885,"parameters,",0,"gradients,",16.4,GFLOPs
WARNING,âš ï¸,Environment,does,not,support,cv2.imshow(),or,PIL,Image.show()

1/1:,https://youtu.be/d4xmdH2NKRI...,Success,(3599,frames,1280x720,at,30.00,FPS)

0:,384x640,17,"persons,",536.5ms
0:,384x640,15,"persons,",433.5ms
0:,384x640,14,"persons,",423.6ms
0:,384x640,16,"persons,",424.7ms
0:,384x640,18,"persons,",434.5ms
0:,384x640,20,"persons,",426.5ms
0:,384x640,16,"persons,",390.3ms
0:,384x640,15,"persons,",284.5ms
0:,384x640,18,"persons,",273.2ms
0:,384x640,21,"persons,",260.8ms
0:,384x640,16,"persons,",278.3ms
0:,384x640,16,"persons,",1,"bench,",279.7ms
0:,384x640,20,"persons,",1,potted,"plant,",267.9ms
0:,384x640,18,"persons,",1,potted,"plant,",270.4ms
0:,384x640,16,"persons,",285.4ms
0:,384x640,19,"persons,",2,potted,"plants,",274.5ms
0:,384x640,14,"persons,",1,potted,"plant,",280.4ms
0:,384x640,17,"persons,",1,potted,"plant,",284.0ms
0:,384x640,20,"persons,",1,potted,"plant,",278.0ms
0:,384x640,15,"persons,",1,potted,"plant,",261.6ms
0:,384x640,15,"persons,",1,potted,"plant,",271.7ms
0:,384x640,15,"persons,",1,potted,"plant,",289.6ms
0:,384x640,16,"persons,",1,"bench,",1,potted,"plant,",262.3ms
0:,384x640,16,"persons,",1,"bench,",1,potted,"plant,",278.4ms
0:,384x640,18,"persons,",1,potted,"plant,",282.1ms
0:,384x640,18,"persons,",1,"bench,",1,potted,"plant,",262.9ms
0:,384x640,16,"persons,",1,"bench,",1,potted,"plant,",273.8ms
0:,384x640,17,"persons,",1,potted,"plant,",282.3ms
0:,384x640,16,"persons,",1,potted,"plant,",269.5ms
0:,384x640,21,"persons,",1,"bench,",1,potted,"plant,",261.9ms
0:,384x640,21,"persons,",1,"bench,",1,potted,"plant,",283.4ms
0:,384x640,19,"persons,",287.7ms
0:,384x640,19,"persons,",276.2ms
0:,384x640,19,"persons,",272.9ms
0:,384x640,18,"persons,",1,potted,"plant,",280.7ms
0:,384x640,20,"persons,",1,potted,"plant,",273.0ms
0:,384x640,19,"persons,",266.4ms
0:,384x640,19,"persons,",261.2ms
0:,384x640,21,"persons,",1,potted,"plant,",281.1ms
0:,384x640,19,"persons,",1,potted,"plant,",264.8ms
0:,384x640,20,"persons,",1,potted,"plant,",362.9ms
0:,384x640,24,"persons,",1,"bench,",1,potted,"plant,",442.8ms
0:,384x640,18,"persons,",1,"bench,",1,potted,"plant,",455.4ms
0:,384x640,20,"persons,",1,"bench,",428.8ms
0:,384x640,17,"persons,",1,"bench,",434.5ms
0:,384x640,21,"persons,",1,potted,"plant,",470.7ms
0:,384x640,16,"persons,",1,"bench,",444.8ms
0:,384x640,17,"persons,",1,"bench,",417.9ms
0:,384x640,19,"persons,",1,"bench,",427.2ms
0:,384x640,18,"persons,",418.4ms
0:,384x640,20,"persons,",1,potted,"plant,",442.6ms
0:,384x640,19,"persons,",1,"bench,",1,potted,"plant,",425.5ms
0:,384x640,19,"persons,",1,"bench,",1,potted,"plant,",444.4ms
0:,384x640,16,"persons,",1,"bench,",1,potted,"plant,",453.0ms
0:,384x640,19,"persons,",2,"benchs,",432.9ms
0:,384x640,19,"persons,",434.4ms
0:,384x640,16,"persons,",1,"bench,",419.5ms
0:,384x640,20,"persons,",1,potted,"plant,",334.9ms
0:,384x640,17,"persons,",1,potted,"plant,",271.9ms
0:,384x640,16,"persons,",1,potted,"plant,",276.5ms
0:,384x640,14,"persons,",1,potted,"plant,",268.6ms
0:,384x640,19,"persons,",1,"bench,",1,potted,"plant,",261.6ms
0:,384x640,19,"persons,",1,"bench,",1,potted,"plant,",270.0ms
0:,384x640,19,"persons,",1,"bench,",1,potted,"plant,",272.5ms
0:,384x640,19,"persons,",1,"bench,",1,potted,"plant,",265.6ms
0:,384x640,19,"persons,",1,"bench,",1,potted,"plant,",265.1ms
0:,384x640,19,"persons,",1,"bench,",1,potted,"plant,",265.4ms
0:,384x640,19,"persons,",1,"bench,",1,potted,"plant,",264.6ms
0:,384x640,19,"persons,",1,"bench,",1,potted,"plant,",271.2ms
0:,384x640,22,"persons,",1,potted,"plant,",271.2ms
0:,384x640,20,"persons,",276.0ms
0:,384x640,19,"persons,",265.6ms
0:,384x640,18,"persons,",276.1ms
0:,384x640,19,"persons,",265.6ms
0:,384x640,18,"persons,",277.7ms
0:,384x640,18,"persons,",280.4ms
0:,384x640,17,"persons,",266.5ms
0:,384x640,17,"persons,",302.6ms
0:,384x640,15,"persons,",272.2ms
0:,384x640,15,"persons,",273.2ms
0:,384x640,22,"persons,",283.0ms
0:,384x640,17,"persons,",266.1ms
0:,384x640,20,"persons,",273.5ms
0:,384x640,19,"persons,",262.2ms
0:,384x640,19,"persons,",279.6ms
0:,384x640,19,"persons,",263.2ms
0:,384x640,19,"persons,",268.0ms
0:,384x640,19,"persons,",283.4ms
0:,384x640,19,"persons,",1,"bicycle,",274.3ms
0:,384x640,13,"persons,",282.2ms
0:,384x640,20,"persons,",271.5ms
0:,384x640,17,"persons,",375.1ms
0:,384x640,15,"persons,",429.2ms
0:,384x640,17,"persons,",430.8ms
0:,384x640,18,"persons,",440.8ms
0:,384x640,17,"persons,",429.7ms
0:,384x640,16,"persons,",446.6ms
0:,384x640,15,"persons,",434.7ms
0:,384x640,15,"persons,",435.3ms
0:,384x640,15,"persons,",407.5ms
0:,384x640,20,"persons,",411.1ms
0:,384x640,16,"persons,",432.2ms
0:,384x640,13,"persons,",435.3ms
0:,384x640,15,"persons,",447.5ms
0:,384x640,13,"persons,",437.0ms
0:,384x640,18,"persons,",420.4ms
0:,384x640,17,"persons,",458.9ms
0:,384x640,14,"persons,",405.9ms
0:,384x640,14,"persons,",637.4ms
0:,384x640,16,"persons,",440.3ms
0:,384x640,16,"persons,",557.4ms
0:,384x640,17,"persons,",440.9ms
0:,384x640,20,"persons,",265.6ms
0:,384x640,16,"persons,",282.8ms
0:,384x640,19,"persons,",275.4ms
0:,384x640,12,"persons,",275.1ms
0:,384x640,15,"persons,",291.1ms
0:,384x640,12,"persons,",267.7ms
0:,384x640,13,"persons,",275.6ms
0:,384x640,14,"persons,",274.0ms
0:,384x640,11,"persons,",275.7ms
0:,384x640,10,"persons,",271.9ms
0:,384x640,19,"persons,",267.4ms
0:,384x640,18,"persons,",280.4ms
0:,384x640,19,"persons,",262.4ms
0:,384x640,21,"persons,",268.1ms
0:,384x640,19,"persons,",1,"bench,",255.0ms
0:,384x640,13,"persons,",277.5ms
0:,384x640,15,"persons,",274.4ms
0:,384x640,17,"persons,",268.7ms
0:,384x640,21,"persons,",1,"bench,",278.1ms
0:,384x640,16,"persons,",265.1ms
0:,384x640,16,"persons,",257.4ms
0:,384x640,16,"persons,",261.8ms
0:,384x640,20,"persons,",1,"bench,",1,potted,"plant,",280.9ms
0:,384x640,17,"persons,",1,"umbrella,",269.7ms
0:,384x640,16,"persons,",272.7ms
0:,384x640,15,"persons,",1,"bench,",277.3ms
0:,384x640,16,"persons,",264.5ms
0:,384x640,16,"persons,",276.0ms
0:,384x640,16,"persons,",410.9ms
0:,384x640,16,"persons,",416.2ms
0:,384x640,16,"persons,",430.5ms
0:,384x640,16,"persons,",438.6ms
0:,384x640,16,"persons,",1,"umbrella,",419.9ms
0:,384x640,22,"persons,",444.7ms
0:,384x640,18,"persons,",429.0ms
0:,384x640,18,"persons,",407.9ms
0:,384x640,18,"persons,",427.1ms
0:,384x640,11,"persons,",413.7ms
0:,384x640,14,"persons,",446.0ms
0:,384x640,13,"persons,",405.9ms
0:,384x640,17,"persons,",419.9ms
0:,384x640,15,"persons,",447.9ms
0:,384x640,13,"persons,",425.8ms
0:,384x640,15,"persons,",442.2ms
0:,384x640,14,"persons,",444.4ms
0:,384x640,14,"persons,",414.2ms
0:,384x640,18,"persons,",271.3ms
0:,384x640,12,"persons,",276.3ms
0:,384x640,16,"persons,",274.4ms
0:,384x640,16,"persons,",275.0ms
0:,384x640,17,"persons,",270.8ms
0:,384x640,15,"persons,",283.1ms
0:,384x640,19,"persons,",268.4ms
0:,384x640,19,"persons,",263.4ms
0:,384x640,15,"persons,",276.6ms
0:,384x640,18,"persons,",1,"backpack,",271.3ms
0:,384x640,12,"persons,",1,"bench,",260.8ms
0:,384x640,12,"persons,",1,"bench,",276.3ms
0:,384x640,15,"persons,",280.9ms
0:,384x640,15,"persons,",261.9ms
0:,384x640,12,"persons,",273.8ms
0:,384x640,11,"persons,",288.3ms
0:,384x640,15,"persons,",283.7ms
0:,384x640,16,"persons,",285.5ms
0:,384x640,14,"persons,",271.6ms
0:,384x640,14,"persons,",268.9ms
0:,384x640,14,"persons,",273.9ms
0:,384x640,15,"persons,",258.1ms
0:,384x640,14,"persons,",281.7ms
0:,384x640,16,"persons,",276.1ms
0:,384x640,13,"persons,",268.5ms
0:,384x640,16,"persons,",270.1ms
0:,384x640,17,"persons,",274.6ms
0:,384x640,14,"persons,",270.5ms
0:,384x640,18,"persons,",277.1ms
0:,384x640,21,"persons,",278.4ms
0:,384x640,16,"persons,",268.8ms
0:,384x640,14,"persons,",266.4ms
0:,384x640,16,"persons,",282.9ms
0:,384x640,13,"persons,",342.4ms
0:,384x640,16,"persons,",419.6ms
0:,384x640,17,"persons,",461.3ms
0:,384x640,13,"persons,",443.1ms
0:,384x640,14,"persons,",425.7ms
0:,384x640,13,"persons,",409.9ms
0:,384x640,12,"persons,",477.1ms
0:,384x640,14,"persons,",438.6ms
0:,384x640,13,"persons,",418.3ms
0:,384x640,16,"persons,",433.8ms
0:,384x640,10,"persons,",395.2ms
0:,384x640,10,"persons,",423.2ms
0:,384x640,15,"persons,",426.0ms
0:,384x640,16,"persons,",417.7ms
0:,384x640,15,"persons,",430.5ms
0:,384x640,15,"persons,",435.4ms
0:,384x640,17,"persons,",418.8ms
0:,384x640,15,"persons,",402.9ms
0:,384x640,17,"persons,",306.4ms
0:,384x640,17,"persons,",263.0ms
0:,384x640,17,"persons,",265.3ms
0:,384x640,17,"persons,",258.0ms
0:,384x640,17,"persons,",257.7ms
0:,384x640,17,"persons,",263.8ms
0:,384x640,17,"persons,",261.9ms
0:,384x640,14,"persons,",276.5ms
0:,384x640,14,"persons,",277.8ms
0:,384x640,17,"persons,",277.7ms
0:,384x640,14,"persons,",272.5ms
0:,384x640,17,"persons,",275.6ms
0:,384x640,18,"persons,",272.5ms
0:,384x640,21,"persons,",268.2ms
0:,384x640,21,"persons,",1,"skateboard,",275.5ms
0:,384x640,15,"persons,",1,"skateboard,",279.8ms
0:,384x640,15,"persons,",264.3ms
0:,384x640,12,"persons,",272.9ms
0:,384x640,16,"persons,",267.9ms
0:,384x640,17,"persons,",304.7ms
0:,384x640,17,"persons,",268.0ms
0:,384x640,16,"persons,",274.9ms
0:,384x640,16,"persons,",303.1ms
0:,384x640,15,"persons,",260.8ms
0:,384x640,15,"persons,",315.1ms
0:,384x640,15,"persons,",270.3ms
0:,384x640,16,"persons,",278.8ms
0:,384x640,18,"persons,",268.8ms
0:,384x640,12,"persons,",281.4ms
0:,384x640,14,"persons,",264.1ms
0:,384x640,14,"persons,",258.4ms
0:,384x640,14,"persons,",282.0ms
0:,384x640,16,"persons,",268.4ms
0:,384x640,16,"persons,",258.8ms
0:,384x640,18,"persons,",414.9ms
0:,384x640,19,"persons,",419.6ms
0:,384x640,17,"persons,",439.5ms
0:,384x640,23,"persons,",1,traffic,"light,",434.2ms
0:,384x640,22,"persons,",402.1ms
0:,384x640,19,"persons,",430.2ms
0:,384x640,19,"persons,",427.5ms
0:,384x640,20,"persons,",420.1ms
0:,384x640,17,"persons,",417.0ms
0:,384x640,16,"persons,",413.3ms
0:,384x640,14,"persons,",414.7ms
0:,384x640,17,"persons,",422.6ms
0:,384x640,16,"persons,",416.4ms
0:,384x640,15,"persons,",435.1ms
0:,384x640,15,"persons,",427.2ms
0:,384x640,12,"persons,",443.2ms
0:,384x640,14,"persons,",419.6ms
0:,384x640,16,"persons,",409.4ms
0:,384x640,12,"persons,",275.9ms
0:,384x640,14,"persons,",279.4ms
0:,384x640,15,"persons,",269.4ms
0:,384x640,14,"persons,",275.3ms
0:,384x640,13,"persons,",272.8ms
0:,384x640,12,"persons,",1,"umbrella,",273.8ms
0:,384x640,15,"persons,",269.1ms
0:,384x640,16,"persons,",274.0ms
0:,384x640,17,"persons,",285.6ms
0:,384x640,16,"persons,",260.0ms
0:,384x640,14,"persons,",285.9ms
0:,384x640,18,"persons,",264.6ms
0:,384x640,17,"persons,",276.3ms
0:,384x640,12,"persons,",270.5ms
0:,384x640,16,"persons,",268.7ms
0:,384x640,11,"persons,",283.2ms
0:,384x640,13,"persons,",274.1ms
0:,384x640,12,"persons,",268.6ms
0:,384x640,9,"persons,",276.4ms
0:,384x640,10,"persons,",287.8ms
0:,384x640,10,"persons,",268.2ms
0:,384x640,11,"persons,",1,"handbag,",264.4ms
0:,384x640,11,"persons,",274.7ms
0:,384x640,9,"persons,",277.5ms
0:,384x640,10,"persons,",263.1ms
0:,384x640,10,"persons,",279.4ms
0:,384x640,15,"persons,",275.7ms
0:,384x640,18,"persons,",272.2ms
0:,384x640,12,"persons,",276.1ms
0:,384x640,15,"persons,",270.0ms
0:,384x640,15,"persons,",265.7ms
0:,384x640,15,"persons,",267.9ms
0:,384x640,15,"persons,",260.1ms
0:,384x640,15,"persons,",273.6ms
0:,384x640,15,"persons,",400.4ms
0:,384x640,15,"persons,",433.3ms
0:,384x640,20,"persons,",482.6ms
0:,384x640,13,"persons,",419.0ms
0:,384x640,16,"persons,",434.9ms
0:,384x640,22,"persons,",448.7ms
0:,384x640,19,"persons,",463.0ms
0:,384x640,14,"persons,",413.0ms
0:,384x640,15,"persons,",420.0ms
0:,384x640,16,"persons,",420.7ms
0:,384x640,17,"persons,",429.8ms
0:,384x640,14,"persons,",425.8ms
0:,384x640,19,"persons,",426.7ms
0:,384x640,22,"persons,",443.3ms
0:,384x640,16,"persons,",442.1ms
0:,384x640,20,"persons,",446.1ms
0:,384x640,18,"persons,",410.6ms
0:,384x640,17,"persons,",1,"bicycle,",353.0ms
0:,384x640,17,"persons,",1,"bicycle,",267.9ms
0:,384x640,17,"persons,",1,"bicycle,",1,"bench,",1,"umbrella,",278.3ms
0:,384x640,20,"persons,",268.6ms
0:,384x640,21,"persons,",283.6ms
0:,384x640,20,"persons,",268.3ms
0:,384x640,16,"persons,",258.7ms
0:,384x640,19,"persons,",286.8ms
0:,384x640,17,"persons,",2,"benchs,",271.9ms
0:,384x640,17,"persons,",2,"benchs,",272.0ms
0:,384x640,23,"persons,",272.5ms
0:,384x640,20,"persons,",279.9ms
0:,384x640,19,"persons,",276.0ms
0:,384x640,16,"persons,",271.9ms
0:,384x640,19,"persons,",276.1ms
0:,384x640,19,"persons,",276.6ms
0:,384x640,16,"persons,",268.1ms
0:,384x640,12,"persons,",284.3ms
0:,384x640,13,"persons,",271.6ms
0:,384x640,14,"persons,",266.9ms
0:,384x640,13,"persons,",278.9ms
0:,384x640,12,"persons,",279.8ms
0:,384x640,13,"persons,",263.1ms
0:,384x640,18,"persons,",267.0ms
0:,384x640,17,"persons,",278.8ms
0:,384x640,18,"persons,",265.7ms
0:,384x640,14,"persons,",277.5ms
0:,384x640,16,"persons,",275.8ms
0:,384x640,13,"persons,",286.3ms
0:,384x640,19,"persons,",263.7ms
0:,384x640,15,"persons,",277.0ms
0:,384x640,19,"persons,",275.5ms
0:,384x640,19,"persons,",271.4ms
0:,384x640,15,"persons,",258.5ms
0:,384x640,15,"persons,",407.6ms
0:,384x640,15,"persons,",426.0ms
0:,384x640,17,"persons,",432.8ms
0:,384x640,17,"persons,",438.8ms
0:,384x640,19,"persons,",1,potted,"plant,",413.7ms
0:,384x640,19,"persons,",1,"horse,",449.8ms
0:,384x640,16,"persons,",457.8ms
0:,384x640,17,"persons,",417.7ms
0:,384x640,17,"persons,",409.0ms
0:,384x640,17,"persons,",431.4ms
0:,384x640,16,"persons,",414.5ms
0:,384x640,20,"persons,",428.5ms
0:,384x640,23,"persons,",408.5ms
0:,384x640,20,"persons,",424.4ms
0:,384x640,15,"persons,",423.4ms
0:,384x640,16,"persons,",448.7ms
0:,384x640,17,"persons,",416.2ms
0:,384x640,17,"persons,",399.4ms
0:,384x640,17,"persons,",285.1ms
0:,384x640,17,"persons,",273.6ms
0:,384x640,17,"persons,",269.0ms
0:,384x640,17,"persons,",283.5ms
0:,384x640,15,"persons,",270.4ms
0:,384x640,13,"persons,",1,potted,"plant,",279.4ms
0:,384x640,12,"persons,",283.8ms
0:,384x640,15,"persons,",1,potted,"plant,",266.4ms
0:,384x640,14,"persons,",1,potted,"plant,",283.2ms
0:,384x640,13,"persons,",282.3ms
0:,384x640,16,"persons,",1,"skateboard,",1,potted,"plant,",270.3ms
0:,384x640,12,"persons,",1,potted,"plant,",270.9ms
0:,384x640,13,"persons,",2,potted,"plants,",272.4ms
0:,384x640,13,"persons,",2,potted,"plants,",279.4ms
0:,384x640,12,"persons,",2,potted,"plants,",262.7ms
0:,384x640,12,"persons,",2,potted,"plants,",271.4ms
0:,384x640,11,"persons,",1,potted,"plant,",267.7ms
0:,384x640,14,"persons,",1,"skateboard,",1,potted,"plant,",260.7ms
0:,384x640,16,"persons,",1,potted,"plant,",261.0ms
0:,384x640,16,"persons,",1,potted,"plant,",277.4ms
0:,384x640,17,"persons,",1,potted,"plant,",277.9ms
0:,384x640,19,"persons,",1,"bench,",1,potted,"plant,",257.2ms
0:,384x640,19,"persons,",1,"bench,",1,potted,"plant,",284.0ms
0:,384x640,18,"persons,",1,"bench,",1,potted,"plant,",266.6ms
0:,384x640,21,"persons,",1,"bench,",1,potted,"plant,",274.1ms
0:,384x640,17,"persons,",1,potted,"plant,",283.4ms
0:,384x640,16,"persons,",1,potted,"plant,",278.2ms
0:,384x640,19,"persons,",279.9ms
0:,384x640,17,"persons,",1,"bench,",273.8ms
0:,384x640,19,"persons,",1,"bench,",2,potted,"plants,",288.6ms
0:,384x640,21,"persons,",2,potted,"plants,",267.3ms
0:,384x640,14,"persons,",269.8ms
0:,384x640,18,"persons,",281.1ms
0:,384x640,17,"persons,",278.9ms
0:,384x640,19,"persons,",2,potted,"plants,",415.2ms
0:,384x640,18,"persons,",1,potted,"plant,",453.1ms
0:,384x640,18,"persons,",1,potted,"plant,",445.0ms
0:,384x640,17,"persons,",1,potted,"plant,",415.4ms
0:,384x640,15,"persons,",2,potted,"plants,",413.0ms
0:,384x640,22,"persons,",2,potted,"plants,",461.2ms
0:,384x640,21,"persons,",2,potted,"plants,",432.7ms
0:,384x640,18,"persons,",2,potted,"plants,",410.4ms
0:,384x640,22,"persons,",2,potted,"plants,",409.4ms
0:,384x640,23,"persons,",2,potted,"plants,",411.2ms
0:,384x640,20,"persons,",2,potted,"plants,",430.3ms
0:,384x640,17,"persons,",2,potted,"plants,",394.0ms
0:,384x640,20,"persons,",2,potted,"plants,",447.2ms
0:,384x640,18,"persons,",2,potted,"plants,",410.5ms
0:,384x640,15,"persons,",1,potted,"plant,",436.3ms
0:,384x640,14,"persons,",2,potted,"plants,",419.7ms
0:,384x640,16,"persons,",2,potted,"plants,",413.9ms
0:,384x640,14,"persons,",2,potted,"plants,",402.7ms
0:,384x640,19,"persons,",275.3ms
0:,384x640,15,"persons,",1,"handbag,",2,potted,"plants,",269.6ms
0:,384x640,14,"persons,",2,potted,"plants,",282.0ms
0:,384x640,11,"persons,",2,potted,"plants,",273.3ms
0:,384x640,12,"persons,",2,potted,"plants,",271.2ms
0:,384x640,12,"persons,",2,potted,"plants,",287.2ms
0:,384x640,12,"persons,",2,potted,"plants,",278.1ms
0:,384x640,14,"persons,",2,potted,"plants,",272.1ms
0:,384x640,15,"persons,",2,potted,"plants,",283.8ms
0:,384x640,16,"persons,",2,potted,"plants,",273.7ms
0:,384x640,14,"persons,",2,potted,"plants,",267.7ms
0:,384x640,16,"persons,",2,potted,"plants,",267.6ms
0:,384x640,20,"persons,",2,potted,"plants,",280.1ms
0:,384x640,19,"persons,",2,potted,"plants,",282.8ms
0:,384x640,18,"persons,",2,potted,"plants,",268.7ms
0:,384x640,17,"persons,",2,potted,"plants,",279.3ms
0:,384x640,15,"persons,",1,potted,"plant,",269.9ms
0:,384x640,16,"persons,",1,"motorcycle,",1,"handbag,",259.9ms
0:,384x640,18,"persons,",274.9ms
0:,384x640,20,"persons,",1,potted,"plant,",283.5ms
0:,384x640,18,"persons,",2,potted,"plants,",271.2ms
0:,384x640,22,"persons,",2,potted,"plants,",278.2ms
0:,384x640,15,"persons,",2,potted,"plants,",281.3ms
0:,384x640,14,"persons,",2,potted,"plants,",263.3ms
0:,384x640,17,"persons,",2,potted,"plants,",263.2ms
0:,384x640,15,"persons,",2,potted,"plants,",269.0ms
0:,384x640,15,"persons,",2,potted,"plants,",272.4ms
0:,384x640,15,"persons,",2,potted,"plants,",262.9ms
0:,384x640,15,"persons,",2,potted,"plants,",267.1ms
0:,384x640,15,"persons,",2,potted,"plants,",274.2ms
0:,384x640,15,"persons,",2,potted,"plants,",256.9ms
0:,384x640,15,"persons,",2,potted,"plants,",264.4ms
0:,384x640,15,"persons,",2,potted,"plants,",269.6ms
0:,384x640,15,"persons,",2,potted,"plants,",333.6ms
0:,384x640,20,"persons,",2,potted,"plants,",410.9ms
0:,384x640,15,"persons,",2,potted,"plants,",457.2ms
0:,384x640,18,"persons,",1,potted,"plant,",446.2ms
0:,384x640,13,"persons,",399.9ms
0:,384x640,16,"persons,",419.7ms
0:,384x640,17,"persons,",440.5ms
0:,384x640,17,"persons,",422.4ms
0:,384x640,15,"persons,",417.7ms
0:,384x640,15,"persons,",414.7ms
0:,384x640,18,"persons,",422.1ms
0:,384x640,18,"persons,",403.5ms
0:,384x640,15,"persons,",1,potted,"plant,",391.9ms
0:,384x640,15,"persons,",1,potted,"plant,",442.9ms
0:,384x640,15,"persons,",1,potted,"plant,",440.7ms
0:,384x640,16,"persons,",419.5ms
0:,384x640,17,"persons,",446.6ms
0:,384x640,14,"persons,",423.4ms
0:,384x640,15,"persons,",390.7ms
0:,384x640,17,"persons,",276.5ms
0:,384x640,15,"persons,",276.3ms
0:,384x640,15,"persons,",1,potted,"plant,",267.4ms
0:,384x640,17,"persons,",1,potted,"plant,",281.3ms
0:,384x640,13,"persons,",266.6ms
0:,384x640,13,"persons,",274.3ms
0:,384x640,21,"persons,",276.1ms
0:,384x640,18,"persons,",271.2ms
0:,384x640,18,"persons,",272.2ms
0:,384x640,16,"persons,",263.0ms
0:,384x640,18,"persons,",280.8ms
0:,384x640,13,"persons,",277.8ms
0:,384x640,14,"persons,",282.9ms
0:,384x640,16,"persons,",281.3ms
0:,384x640,15,"persons,",268.1ms
0:,384x640,18,"persons,",262.5ms
0:,384x640,18,"persons,",271.8ms
0:,384x640,17,"persons,",1,potted,"plant,",285.6ms
0:,384x640,18,"persons,",2,potted,"plants,",273.7ms
0:,384x640,18,"persons,",2,potted,"plants,",275.9ms
0:,384x640,21,"persons,",2,potted,"plants,",287.7ms
0:,384x640,21,"persons,",3,potted,"plants,",269.8ms
0:,384x640,18,"persons,",2,potted,"plants,",271.0ms
0:,384x640,19,"persons,",2,potted,"plants,",277.1ms
0:,384x640,18,"persons,",274.2ms
0:,384x640,19,"persons,",269.9ms
0:,384x640,22,"persons,",1,"bench,",270.3ms
0:,384x640,22,"persons,",1,"bench,",297.3ms
0:,384x640,17,"persons,",283.7ms
0:,384x640,15,"persons,",277.8ms
0:,384x640,18,"persons,",2,potted,"plants,",277.1ms
0:,384x640,18,"persons,",2,potted,"plants,",280.6ms
0:,384x640,16,"persons,",1,potted,"plant,",268.0ms
0:,384x640,14,"persons,",1,potted,"plant,",409.7ms
0:,384x640,18,"persons,",428.5ms
0:,384x640,19,"persons,",1,stop,"sign,",459.7ms
0:,384x640,14,"persons,",2,potted,"plants,",423.6ms
0:,384x640,19,"persons,",1,potted,"plant,",423.7ms
0:,384x640,17,"persons,",482.7ms
0:,384x640,20,"persons,",1,potted,"plant,",453.6ms
0:,384x640,14,"persons,",1,potted,"plant,",414.1ms
0:,384x640,18,"persons,",432.8ms
0:,384x640,15,"persons,",458.5ms
0:,384x640,13,"persons,",409.0ms
0:,384x640,14,"persons,",445.1ms
0:,384x640,19,"persons,",1,"skateboard,",1,potted,"plant,",450.5ms
0:,384x640,19,"persons,",416.8ms
0:,384x640,19,"persons,",420.4ms
0:,384x640,19,"persons,",410.1ms
0:,384x640,19,"persons,",403.6ms
0:,384x640,19,"persons,",329.1ms
0:,384x640,19,"persons,",281.8ms
0:,384x640,18,"persons,",280.1ms
0:,384x640,19,"persons,",273.2ms
0:,384x640,18,"persons,",1,"umbrella,",277.7ms
0:,384x640,20,"persons,",264.1ms
0:,384x640,17,"persons,",1,potted,"plant,",280.1ms
0:,384x640,21,"persons,",1,"bench,",269.1ms
0:,384x640,20,"persons,",1,"bench,",272.7ms
0:,384x640,19,"persons,",286.3ms
0:,384x640,18,"persons,",270.3ms
0:,384x640,18,"persons,",268.3ms
0:,384x640,19,"persons,",265.6ms
0:,384x640,19,"persons,",266.6ms
0:,384x640,16,"persons,",276.6ms
0:,384x640,15,"persons,",271.9ms
0:,384x640,15,"persons,",266.6ms
0:,384x640,15,"persons,",271.2ms
0:,384x640,16,"persons,",269.9ms
0:,384x640,11,"persons,",272.1ms
0:,384x640,19,"persons,",270.4ms
0:,384x640,18,"persons,",275.6ms
0:,384x640,20,"persons,",274.9ms
0:,384x640,20,"persons,",277.4ms
0:,384x640,20,"persons,",266.9ms
0:,384x640,20,"persons,",266.4ms
0:,384x640,20,"persons,",280.0ms
0:,384x640,15,"persons,",1,potted,"plant,",266.3ms
0:,384x640,15,"persons,",1,potted,"plant,",268.0ms
0:,384x640,17,"persons,",1,potted,"plant,",270.9ms
0:,384x640,16,"persons,",277.1ms
0:,384x640,21,"persons,",1,potted,"plant,",278.3ms
0:,384x640,17,"persons,",1,potted,"plant,",265.0ms
0:,384x640,16,"persons,",1,"horse,",1,potted,"plant,",275.3ms
0:,384x640,18,"persons,",1,potted,"plant,",387.4ms
0:,384x640,16,"persons,",418.3ms
0:,384x640,20,"persons,",462.6ms
0:,384x640,17,"persons,",416.6ms
0:,384x640,19,"persons,",398.3ms
0:,384x640,22,"persons,",453.3ms
0:,384x640,19,"persons,",1,potted,"plant,",490.5ms
0:,384x640,22,"persons,",410.5ms
0:,384x640,18,"persons,",1,"car,",431.7ms
0:,384x640,16,"persons,",1,potted,"plant,",437.7ms
0:,384x640,19,"persons,",1,potted,"plant,",408.5ms
0:,384x640,20,"persons,",1,potted,"plant,",428.5ms
0:,384x640,22,"persons,",437.7ms
0:,384x640,20,"persons,",415.7ms
0:,384x640,20,"persons,",427.9ms
0:,384x640,18,"persons,",435.5ms
0:,384x640,19,"persons,",515.2ms
0:,384x640,15,"persons,",562.3ms
0:,384x640,17,"persons,",283.4ms
0:,384x640,21,"persons,",276.9ms
0:,384x640,15,"persons,",291.0ms
0:,384x640,16,"persons,",267.7ms
0:,384x640,16,"persons,",273.6ms
0:,384x640,18,"persons,",1,potted,"plant,",271.6ms
0:,384x640,18,"persons,",1,potted,"plant,",273.2ms
0:,384x640,19,"persons,",261.4ms
0:,384x640,19,"persons,",278.2ms
0:,384x640,16,"persons,",286.9ms
0:,384x640,23,"persons,",268.5ms
0:,384x640,19,"persons,",269.6ms
0:,384x640,18,"persons,",291.7ms
0:,384x640,19,"persons,",277.7ms
0:,384x640,16,"persons,",1,potted,"plant,",274.4ms
0:,384x640,16,"persons,",263.7ms
0:,384x640,16,"persons,",281.6ms
0:,384x640,24,"persons,",1,potted,"plant,",277.3ms
0:,384x640,20,"persons,",1,"bicycle,",1,potted,"plant,",272.9ms
0:,384x640,17,"persons,",1,potted,"plant,",273.7ms
0:,384x640,18,"persons,",2,potted,"plants,",270.8ms
0:,384x640,17,"persons,",1,potted,"plant,",265.8ms
0:,384x640,15,"persons,",266.3ms
0:,384x640,15,"persons,",274.3ms
0:,384x640,15,"persons,",267.1ms
0:,384x640,15,"persons,",265.1ms
0:,384x640,15,"persons,",275.5ms
0:,384x640,15,"persons,",261.9ms
0:,384x640,15,"persons,",261.1ms
0:,384x640,15,"persons,",286.6ms
0:,384x640,20,"persons,",1,potted,"plant,",282.6ms
0:,384x640,10,"persons,",278.9ms
0:,384x640,16,"persons,",2,potted,"plants,",269.2ms
0:,384x640,16,"persons,",2,potted,"plants,",344.8ms
0:,384x640,18,"persons,",2,potted,"plants,",405.5ms
0:,384x640,17,"persons,",418.6ms
0:,384x640,18,"persons,",432.6ms
0:,384x640,15,"persons,",1,potted,"plant,",421.9ms
0:,384x640,18,"persons,",425.0ms
0:,384x640,17,"persons,",471.0ms
0:,384x640,18,"persons,",2,potted,"plants,",420.0ms
0:,384x640,15,"persons,",416.4ms
0:,384x640,14,"persons,",442.0ms
0:,384x640,15,"persons,",402.1ms
0:,384x640,17,"persons,",381.1ms
0:,384x640,20,"persons,",415.5ms
0:,384x640,17,"persons,",1,"bench,",406.5ms
0:,384x640,17,"persons,",1,"bench,",435.8ms
0:,384x640,17,"persons,",1,"bicycle,",423.3ms
0:,384x640,18,"persons,",2,potted,"plants,",451.4ms
0:,384x640,11,"persons,",2,potted,"plants,",408.4ms
0:,384x640,16,"persons,",2,potted,"plants,",368.6ms
0:,384x640,16,"persons,",1,potted,"plant,",284.1ms
0:,384x640,15,"persons,",267.2ms
0:,384x640,14,"persons,",263.6ms
0:,384x640,13,"persons,",282.1ms
0:,384x640,13,"persons,",2,"bicycles,",270.2ms
0:,384x640,14,"persons,",2,"bicycles,",266.3ms
0:,384x640,12,"persons,",2,"bicycles,",267.9ms
0:,384x640,15,"persons,",1,"bicycle,",1,potted,"plant,",277.1ms
0:,384x640,12,"persons,",2,"bicycles,",1,potted,"plant,",269.6ms
0:,384x640,16,"persons,",2,"bicycles,",1,potted,"plant,",262.9ms
0:,384x640,16,"persons,",2,potted,"plants,",287.5ms
0:,384x640,19,"persons,",2,potted,"plants,",268.0ms
0:,384x640,21,"persons,",2,potted,"plants,",271.9ms
0:,384x640,15,"persons,",1,potted,"plant,",271.1ms
0:,384x640,15,"persons,",1,potted,"plant,",273.8ms
0:,384x640,13,"persons,",1,potted,"plant,",271.4ms
0:,384x640,15,"persons,",1,potted,"plant,",269.9ms
0:,384x640,14,"persons,",2,potted,"plants,",280.7ms
0:,384x640,16,"persons,",2,potted,"plants,",272.8ms
0:,384x640,13,"persons,",2,potted,"plants,",273.6ms
0:,384x640,13,"persons,",1,potted,"plant,",277.1ms
0:,384x640,17,"persons,",2,potted,"plants,",271.1ms
0:,384x640,19,"persons,",2,potted,"plants,",270.7ms
0:,384x640,17,"persons,",2,potted,"plants,",272.8ms
0:,384x640,15,"persons,",2,potted,"plants,",273.7ms
0:,384x640,16,"persons,",2,potted,"plants,",280.0ms
0:,384x640,16,"persons,",1,"horse,",3,potted,"plants,",257.4ms
0:,384x640,16,"persons,",1,"horse,",3,potted,"plants,",279.3ms
0:,384x640,21,"persons,",2,potted,"plants,",266.8ms
0:,384x640,23,"persons,",2,potted,"plants,",267.7ms
0:,384x640,19,"persons,",2,potted,"plants,",279.3ms
0:,384x640,17,"persons,",2,potted,"plants,",290.0ms
0:,384x640,22,"persons,",1,potted,"plant,",268.8ms
0:,384x640,19,"persons,",1,potted,"plant,",411.3ms
0:,384x640,19,"persons,",2,potted,"plants,",438.6ms
0:,384x640,18,"persons,",1,potted,"plant,",447.0ms
0:,384x640,24,"persons,",1,potted,"plant,",429.7ms
0:,384x640,20,"persons,",1,traffic,"light,",1,potted,"plant,",416.8ms
0:,384x640,20,"persons,",1,traffic,"light,",1,potted,"plant,",451.7ms
0:,384x640,20,"persons,",1,traffic,"light,",2,potted,"plants,",432.0ms
0:,384x640,19,"persons,",1,traffic,"light,",399.6ms
0:,384x640,21,"persons,",405.1ms
0:,384x640,19,"persons,",431.8ms
0:,384x640,22,"persons,",1,potted,"plant,",411.3ms
0:,384x640,21,"persons,",392.9ms
0:,384x640,21,"persons,",403.2ms
0:,384x640,21,"persons,",402.0ms
0:,384x640,21,"persons,",404.0ms
0:,384x640,21,"persons,",408.2ms
0:,384x640,21,"persons,",421.1ms
0:,384x640,18,"persons,",440.6ms
0:,384x640,20,"persons,",1,potted,"plant,",345.2ms
0:,384x640,19,"persons,",1,potted,"plant,",267.9ms
0:,384x640,20,"persons,",1,potted,"plant,",284.2ms
0:,384x640,19,"persons,",261.0ms
0:,384x640,19,"persons,",277.6ms
0:,384x640,21,"persons,",2,potted,"plants,",283.5ms
0:,384x640,17,"persons,",267.5ms
0:,384x640,17,"persons,",266.5ms
0:,384x640,15,"persons,",281.6ms
0:,384x640,18,"persons,",277.4ms
0:,384x640,21,"persons,",263.8ms
0:,384x640,21,"persons,",273.7ms
0:,384x640,18,"persons,",1,potted,"plant,",275.4ms
0:,384x640,16,"persons,",1,potted,"plant,",273.0ms
0:,384x640,19,"persons,",1,potted,"plant,",275.7ms
0:,384x640,18,"persons,",1,"bicycle,",260.2ms
0:,384x640,18,"persons,",272.9ms
0:,384x640,18,"persons,",278.5ms
0:,384x640,20,"persons,",261.1ms
0:,384x640,20,"persons,",273.5ms
0:,384x640,20,"persons,",1,potted,"plant,",266.0ms
0:,384x640,17,"persons,",1,potted,"plant,",273.0ms
0:,384x640,24,"persons,",1,potted,"plant,",262.1ms
0:,384x640,21,"persons,",267.9ms
0:,384x640,21,"persons,",273.9ms
0:,384x640,16,"persons,",267.8ms
0:,384x640,12,"persons,",287.1ms
0:,384x640,18,"persons,",2,"bicycles,",1,potted,"plant,",268.3ms
0:,384x640,22,"persons,",2,potted,"plants,",275.9ms
0:,384x640,19,"persons,",1,potted,"plant,",277.6ms
0:,384x640,21,"persons,",1,potted,"plant,",265.4ms
0:,384x640,19,"persons,",268.2ms
0:,384x640,17,"persons,",266.4ms
0:,384x640,21,"persons,",272.1ms
0:,384x640,18,"persons,",369.6ms
0:,384x640,14,"persons,",423.2ms
0:,384x640,15,"persons,",464.7ms
0:,384x640,12,"persons,",412.7ms
0:,384x640,14,"persons,",453.3ms
0:,384x640,14,"persons,",429.7ms
0:,384x640,15,"persons,",483.5ms
0:,384x640,14,"persons,",406.6ms
0:,384x640,17,"persons,",1,potted,"plant,",421.3ms
0:,384x640,17,"persons,",416.2ms
0:,384x640,20,"persons,",1,potted,"plant,",420.9ms
0:,384x640,14,"persons,",440.8ms
0:,384x640,16,"persons,",1,potted,"plant,",460.9ms
0:,384x640,17,"persons,",415.5ms
0:,384x640,14,"persons,",1,traffic,"light,",443.1ms
0:,384x640,14,"persons,",452.7ms
0:,384x640,18,"persons,",439.5ms
0:,384x640,15,"persons,",1,traffic,"light,",427.3ms
0:,384x640,17,"persons,",267.1ms
0:,384x640,17,"persons,",270.9ms
0:,384x640,17,"persons,",285.3ms
0:,384x640,15,"persons,",272.6ms
0:,384x640,22,"persons,",266.3ms
0:,384x640,23,"persons,",273.3ms
0:,384x640,17,"persons,",286.5ms
0:,384x640,16,"persons,",273.2ms
0:,384x640,14,"persons,",268.9ms
0:,384x640,15,"persons,",1,potted,"plant,",282.3ms
0:,384x640,15,"persons,",2,potted,"plants,",263.2ms
0:,384x640,17,"persons,",2,potted,"plants,",259.6ms
0:,384x640,17,"persons,",2,potted,"plants,",268.9ms
0:,384x640,17,"persons,",2,potted,"plants,",296.3ms
0:,384x640,16,"persons,",2,potted,"plants,",275.8ms
0:,384x640,17,"persons,",1,potted,"plant,",268.8ms
0:,384x640,16,"persons,",1,potted,"plant,",280.3ms
0:,384x640,17,"persons,",1,potted,"plant,",271.1ms
0:,384x640,16,"persons,",1,potted,"plant,",262.8ms
0:,384x640,16,"persons,",1,potted,"plant,",269.4ms
0:,384x640,16,"persons,",1,potted,"plant,",273.5ms
0:,384x640,16,"persons,",1,potted,"plant,",257.3ms
0:,384x640,16,"persons,",1,potted,"plant,",260.6ms
0:,384x640,16,"persons,",1,potted,"plant,",275.5ms
0:,384x640,16,"persons,",1,potted,"plant,",270.3ms
0:,384x640,16,"persons,",1,potted,"plant,",276.0ms
0:,384x640,17,"persons,",1,potted,"plant,",271.3ms
0:,384x640,13,"persons,",1,potted,"plant,",279.2ms
0:,384x640,14,"persons,",1,potted,"plant,",268.1ms
0:,384x640,16,"persons,",1,potted,"plant,",278.0ms
0:,384x640,17,"persons,",1,potted,"plant,",297.0ms
0:,384x640,17,"persons,",270.7ms
0:,384x640,16,"persons,",271.2ms
0:,384x640,17,"persons,",333.8ms
0:,384x640,17,"persons,",407.2ms
0:,384x640,17,"persons,",446.7ms
0:,384x640,15,"persons,",1,potted,"plant,",462.3ms
0:,384x640,11,"persons,",1,potted,"plant,",413.4ms
0:,384x640,14,"persons,",1,"boat,",1,potted,"plant,",430.5ms
0:,384x640,15,"persons,",1,potted,"plant,",444.0ms
0:,384x640,14,"persons,",1,potted,"plant,",463.4ms
0:,384x640,16,"persons,",1,traffic,"light,",1,potted,"plant,",411.3ms
0:,384x640,17,"persons,",1,potted,"plant,",418.1ms
0:,384x640,20,"persons,",1,potted,"plant,",416.1ms
0:,384x640,19,"persons,",1,potted,"plant,",404.5ms
0:,384x640,21,"persons,",2,potted,"plants,",423.1ms
0:,384x640,20,"persons,",1,potted,"plant,",423.6ms
0:,384x640,15,"persons,",1,potted,"plant,",416.8ms
0:,384x640,18,"persons,",1,potted,"plant,",434.2ms
0:,384x640,20,"persons,",415.6ms
0:,384x640,19,"persons,",1,potted,"plant,",434.9ms
0:,384x640,15,"persons,",402.7ms
0:,384x640,18,"persons,",280.1ms
0:,384x640,14,"persons,",1,"bicycle,",1,potted,"plant,",283.3ms
0:,384x640,15,"persons,",265.1ms
0:,384x640,15,"persons,",287.2ms
0:,384x640,15,"persons,",1,potted,"plant,",274.8ms
0:,384x640,19,"persons,",1,potted,"plant,",278.1ms
0:,384x640,19,"persons,",1,potted,"plant,",270.0ms
0:,384x640,18,"persons,",280.4ms
0:,384x640,20,"persons,",1,potted,"plant,",284.5ms
0:,384x640,15,"persons,",269.8ms
0:,384x640,20,"persons,",1,potted,"plant,",281.9ms
0:,384x640,19,"persons,",1,potted,"plant,",268.7ms
0:,384x640,13,"persons,",1,potted,"plant,",267.7ms
0:,384x640,13,"persons,",1,potted,"plant,",270.0ms
0:,384x640,18,"persons,",1,potted,"plant,",276.5ms
0:,384x640,19,"persons,",1,potted,"plant,",276.2ms
0:,384x640,21,"persons,",1,potted,"plant,",273.5ms
0:,384x640,17,"persons,",1,potted,"plant,",280.5ms
0:,384x640,14,"persons,",1,potted,"plant,",276.0ms
0:,384x640,14,"persons,",1,potted,"plant,",267.9ms
0:,384x640,14,"persons,",1,potted,"plant,",270.5ms
0:,384x640,16,"persons,",282.6ms
0:,384x640,16,"persons,",1,potted,"plant,",270.1ms
0:,384x640,18,"persons,",270.5ms
0:,384x640,16,"persons,",278.2ms
0:,384x640,16,"persons,",1,potted,"plant,",263.9ms
0:,384x640,16,"persons,",1,potted,"plant,",276.6ms
0:,384x640,21,"persons,",266.1ms
0:,384x640,21,"persons,",1,potted,"plant,",275.7ms
0:,384x640,13,"persons,",1,potted,"plant,",268.1ms
0:,384x640,17,"persons,",274.2ms
0:,384x640,17,"persons,",290.6ms
0:,384x640,16,"persons,",273.0ms
0:,384x640,15,"persons,",1,potted,"plant,",360.5ms
0:,384x640,14,"persons,",1,potted,"plant,",420.3ms
0:,384x640,14,"persons,",1,potted,"plant,",431.0ms
0:,384x640,20,"persons,",439.2ms
0:,384x640,23,"persons,",1,potted,"plant,",409.9ms
0:,384x640,19,"persons,",2,potted,"plants,",407.0ms
0:,384x640,24,"persons,",427.8ms
0:,384x640,21,"persons,",1,potted,"plant,",437.7ms
0:,384x640,23,"persons,",1,potted,"plant,",408.1ms
0:,384x640,23,"persons,",1,potted,"plant,",412.4ms
0:,384x640,23,"persons,",1,potted,"plant,",410.6ms
0:,384x640,23,"persons,",1,potted,"plant,",404.3ms
0:,384x640,23,"persons,",1,potted,"plant,",420.7ms
0:,384x640,23,"persons,",431.9ms
0:,384x640,23,"persons,",437.5ms
0:,384x640,22,"persons,",416.8ms
0:,384x640,20,"persons,",439.6ms
0:,384x640,21,"persons,",1,potted,"plant,",412.9ms
0:,384x640,21,"persons,",365.9ms
0:,384x640,21,"persons,",274.2ms
0:,384x640,21,"persons,",1,"horse,",1,"elephant,",1,potted,"plant,",271.8ms
0:,384x640,21,"persons,",1,"horse,",1,"elephant,",1,potted,"plant,",269.0ms
0:,384x640,16,"persons,",274.1ms
0:,384x640,19,"persons,",1,potted,"plant,",270.7ms
0:,384x640,23,"persons,",271.1ms
0:,384x640,21,"persons,",278.9ms
0:,384x640,21,"persons,",2,potted,"plants,",286.3ms
0:,384x640,22,"persons,",1,potted,"plant,",274.2ms
0:,384x640,22,"persons,",1,potted,"plant,",272.7ms
0:,384x640,21,"persons,",2,potted,"plants,",278.8ms
0:,384x640,19,"persons,",2,potted,"plants,",275.1ms
0:,384x640,24,"persons,",1,potted,"plant,",271.4ms
0:,384x640,16,"persons,",1,"umbrella,",267.4ms
0:,384x640,18,"persons,",276.5ms
0:,384x640,17,"persons,",270.2ms
0:,384x640,22,"persons,",268.6ms
0:,384x640,22,"persons,",284.0ms
0:,384x640,24,"persons,",285.1ms
0:,384x640,22,"persons,",270.6ms
0:,384x640,19,"persons,",265.1ms
0:,384x640,23,"persons,",1,potted,"plant,",277.2ms
0:,384x640,18,"persons,",1,potted,"plant,",272.8ms
0:,384x640,20,"persons,",272.6ms
0:,384x640,21,"persons,",270.9ms
0:,384x640,21,"persons,",287.3ms
0:,384x640,19,"persons,",272.5ms
0:,384x640,18,"persons,",1,potted,"plant,",275.1ms
0:,384x640,16,"persons,",269.1ms
0:,384x640,19,"persons,",269.7ms
0:,384x640,18,"persons,",272.2ms
0:,384x640,20,"persons,",272.9ms
0:,384x640,23,"persons,",268.5ms
0:,384x640,23,"persons,",420.4ms
0:,384x640,13,"persons,",1,potted,"plant,",429.7ms
0:,384x640,14,"persons,",1,potted,"plant,",459.6ms
0:,384x640,16,"persons,",438.9ms
0:,384x640,18,"persons,",410.6ms
0:,384x640,17,"persons,",1,"horse,",464.5ms
0:,384x640,17,"persons,",432.8ms
0:,384x640,20,"persons,",1,"bicycle,",406.4ms
0:,384x640,15,"persons,",442.9ms
0:,384x640,16,"persons,",411.3ms
0:,384x640,19,"persons,",1,potted,"plant,",419.9ms
0:,384x640,14,"persons,",402.1ms
0:,384x640,18,"persons,",419.2ms
0:,384x640,19,"persons,",1,"backpack,",437.7ms
0:,384x640,13,"persons,",1,"backpack,",413.6ms
0:,384x640,16,"persons,",448.6ms
0:,384x640,15,"persons,",1,"horse,",420.1ms
0:,384x640,12,"persons,",1,"backpack,",389.0ms
0:,384x640,12,"persons,",1,"backpack,",278.2ms
0:,384x640,22,"persons,",271.4ms
0:,384x640,19,"persons,",277.0ms
0:,384x640,19,"persons,",268.1ms
0:,384x640,19,"persons,",260.4ms
0:,384x640,18,"persons,",261.7ms
0:,384x640,18,"persons,",281.3ms
0:,384x640,17,"persons,",1,"backpack,",268.2ms
0:,384x640,11,"persons,",271.3ms
0:,384x640,14,"persons,",274.7ms
0:,384x640,18,"persons,",1,potted,"plant,",270.5ms
0:,384x640,20,"persons,",264.0ms
0:,384x640,19,"persons,",266.4ms
0:,384x640,13,"persons,",268.9ms
0:,384x640,13,"persons,",263.0ms
0:,384x640,13,"persons,",262.0ms
0:,384x640,13,"persons,",269.2ms
0:,384x640,13,"persons,",269.1ms
0:,384x640,13,"persons,",259.2ms
0:,384x640,13,"persons,",264.3ms
0:,384x640,13,"persons,",271.7ms
0:,384x640,13,"persons,",273.3ms
0:,384x640,14,"persons,",271.4ms
0:,384x640,18,"persons,",264.2ms
0:,384x640,15,"persons,",278.7ms
0:,384x640,17,"persons,",270.8ms
0:,384x640,15,"persons,",262.0ms
0:,384x640,15,"persons,",280.9ms
0:,384x640,13,"persons,",269.2ms
0:,384x640,14,"persons,",276.5ms
0:,384x640,16,"persons,",274.9ms
0:,384x640,15,"persons,",265.1ms
0:,384x640,15,"persons,",274.5ms
0:,384x640,10,"persons,",267.2ms
0:,384x640,10,"persons,",448.8ms
0:,384x640,12,"persons,",455.5ms
0:,384x640,13,"persons,",445.3ms
0:,384x640,14,"persons,",414.3ms
0:,384x640,16,"persons,",409.0ms
0:,384x640,16,"persons,",423.0ms
0:,384x640,16,"persons,",433.8ms
0:,384x640,13,"persons,",416.2ms
0:,384x640,14,"persons,",420.0ms
0:,384x640,15,"persons,",429.2ms
0:,384x640,14,"persons,",427.3ms
0:,384x640,16,"persons,",400.3ms
0:,384x640,15,"persons,",423.4ms
0:,384x640,17,"persons,",2,potted,"plants,",414.9ms
0:,384x640,14,"persons,",433.8ms
0:,384x640,16,"persons,",421.5ms
0:,384x640,15,"persons,",435.2ms
0:,384x640,13,"persons,",407.7ms
0:,384x640,14,"persons,",259.1ms
0:,384x640,14,"persons,",276.0ms
0:,384x640,17,"persons,",264.8ms
0:,384x640,17,"persons,",270.5ms
0:,384x640,16,"persons,",273.4ms
0:,384x640,12,"persons,",267.6ms
0:,384x640,12,"persons,",271.6ms
0:,384x640,11,"persons,",265.7ms
0:,384x640,12,"persons,",278.7ms
0:,384x640,10,"persons,",276.0ms
0:,384x640,13,"persons,",257.6ms
0:,384x640,13,"persons,",284.4ms
0:,384x640,14,"persons,",268.8ms
0:,384x640,11,"persons,",271.6ms
0:,384x640,11,"persons,",277.4ms
0:,384x640,13,"persons,",289.9ms
0:,384x640,12,"persons,",265.3ms
0:,384x640,12,"persons,",271.0ms
0:,384x640,11,"persons,",288.8ms
0:,384x640,12,"persons,",267.8ms
0:,384x640,13,"persons,",267.2ms
0:,384x640,13,"persons,",267.8ms
0:,384x640,12,"persons,",1,potted,"plant,",287.0ms
0:,384x640,12,"persons,",262.3ms
0:,384x640,12,"persons,",261.2ms
0:,384x640,12,"persons,",283.9ms
0:,384x640,16,"persons,",270.0ms
0:,384x640,12,"persons,",1,traffic,"light,",268.6ms
0:,384x640,16,"persons,",269.5ms
0:,384x640,16,"persons,",2,potted,"plants,",282.1ms
0:,384x640,12,"persons,",267.5ms
0:,384x640,16,"persons,",2,potted,"plants,",272.8ms
0:,384x640,13,"persons,",280.7ms
0:,384x640,16,"persons,",266.9ms
0:,384x640,16,"persons,",440.0ms
0:,384x640,13,"persons,",419.0ms
0:,384x640,15,"persons,",427.9ms
0:,384x640,14,"persons,",426.0ms
0:,384x640,16,"persons,",406.3ms
0:,384x640,14,"persons,",439.4ms
0:,384x640,13,"persons,",426.2ms
0:,384x640,13,"persons,",389.8ms
0:,384x640,13,"persons,",391.8ms
0:,384x640,13,"persons,",398.1ms
0:,384x640,13,"persons,",401.4ms
0:,384x640,13,"persons,",421.3ms
0:,384x640,13,"persons,",439.7ms
0:,384x640,14,"persons,",1,potted,"plant,",439.2ms
0:,384x640,13,"persons,",1,potted,"plant,",439.7ms
0:,384x640,16,"persons,",433.1ms
0:,384x640,12,"persons,",466.6ms
0:,384x640,17,"persons,",1,potted,"plant,",400.2ms
0:,384x640,17,"persons,",1,potted,"plant,",268.7ms
0:,384x640,15,"persons,",1,potted,"plant,",268.2ms
0:,384x640,15,"persons,",1,potted,"plant,",268.0ms
0:,384x640,14,"persons,",276.1ms
0:,384x640,17,"persons,",1,potted,"plant,",264.4ms
0:,384x640,15,"persons,",1,potted,"plant,",264.3ms
0:,384x640,15,"persons,",1,potted,"plant,",276.4ms
0:,384x640,15,"persons,",1,potted,"plant,",272.4ms
0:,384x640,18,"persons,",1,potted,"plant,",263.4ms
0:,384x640,17,"persons,",1,potted,"plant,",263.7ms
0:,384x640,16,"persons,",1,potted,"plant,",262.6ms
0:,384x640,16,"persons,",1,potted,"plant,",265.8ms
0:,384x640,16,"persons,",1,traffic,"light,",1,potted,"plant,",278.4ms
0:,384x640,19,"persons,",1,traffic,"light,",267.8ms
0:,384x640,15,"persons,",261.0ms
0:,384x640,15,"persons,",267.6ms
0:,384x640,15,"persons,",256.1ms
0:,384x640,15,"persons,",281.2ms
0:,384x640,13,"persons,",267.5ms
0:,384x640,11,"persons,",280.3ms
0:,384x640,14,"persons,",282.8ms
0:,384x640,11,"persons,",264.7ms
0:,384x640,10,"persons,",274.3ms
0:,384x640,12,"persons,",258.9ms
0:,384x640,12,"persons,",280.3ms
0:,384x640,13,"persons,",269.9ms
0:,384x640,11,"persons,",271.4ms
0:,384x640,13,"persons,",291.1ms
0:,384x640,13,"persons,",275.1ms
0:,384x640,17,"persons,",265.8ms
0:,384x640,17,"persons,",280.3ms
0:,384x640,16,"persons,",264.0ms
0:,384x640,16,"persons,",281.8ms
0:,384x640,14,"persons,",262.6ms
0:,384x640,14,"persons,",447.0ms
0:,384x640,13,"persons,",432.9ms
0:,384x640,12,"persons,",455.8ms
0:,384x640,15,"persons,",398.1ms
0:,384x640,18,"persons,",431.3ms
0:,384x640,17,"persons,",439.5ms
0:,384x640,15,"persons,",430.9ms
0:,384x640,16,"persons,",421.1ms
0:,384x640,12,"persons,",413.5ms
0:,384x640,14,"persons,",424.9ms
0:,384x640,13,"persons,",405.6ms
0:,384x640,14,"persons,",423.6ms
0:,384x640,16,"persons,",410.9ms
0:,384x640,17,"persons,",427.6ms
0:,384x640,13,"persons,",432.4ms
0:,384x640,19,"persons,",431.4ms
0:,384x640,11,"persons,",416.8ms
0:,384x640,10,"persons,",371.3ms
0:,384x640,18,"persons,",276.9ms
0:,384x640,19,"persons,",279.0ms
0:,384x640,16,"persons,",263.1ms
0:,384x640,14,"persons,",273.1ms
0:,384x640,14,"persons,",272.0ms
0:,384x640,14,"persons,",1,"bench,",263.5ms
0:,384x640,12,"persons,",260.3ms
0:,384x640,12,"persons,",286.1ms
0:,384x640,10,"persons,",259.0ms
0:,384x640,11,"persons,",262.2ms
0:,384x640,10,"persons,",272.0ms
0:,384x640,12,"persons,",276.7ms
0:,384x640,12,"persons,",266.2ms
0:,384x640,12,"persons,",268.0ms
0:,384x640,12,"persons,",276.8ms
0:,384x640,12,"persons,",260.6ms
0:,384x640,12,"persons,",263.4ms
0:,384x640,12,"persons,",264.3ms
0:,384x640,12,"persons,",269.9ms
0:,384x640,12,"persons,",258.5ms
0:,384x640,12,"persons,",286.4ms
0:,384x640,11,"persons,",285.2ms
0:,384x640,11,"persons,",269.6ms
0:,384x640,8,"persons,",265.8ms
0:,384x640,8,"persons,",271.0ms
0:,384x640,9,"persons,",281.7ms
0:,384x640,10,"persons,",264.9ms
0:,384x640,10,"persons,",277.5ms
0:,384x640,12,"persons,",1,potted,"plant,",281.9ms
0:,384x640,10,"persons,",274.1ms
0:,384x640,10,"persons,",266.4ms
0:,384x640,8,"persons,",269.9ms
0:,384x640,11,"persons,",286.7ms
0:,384x640,13,"persons,",280.4ms
0:,384x640,13,"persons,",433.5ms
0:,384x640,12,"persons,",439.2ms
0:,384x640,12,"persons,",472.9ms
0:,384x640,15,"persons,",399.7ms
0:,384x640,13,"persons,",439.7ms
0:,384x640,13,"persons,",467.9ms
0:,384x640,11,"persons,",426.1ms
0:,384x640,10,"persons,",414.0ms
0:,384x640,15,"persons,",1,"bench,",2,potted,"plants,",444.9ms
0:,384x640,12,"persons,",415.3ms
0:,384x640,12,"persons,",435.2ms
0:,384x640,12,"persons,",1,"bench,",410.4ms
0:,384x640,13,"persons,",1,"bench,",424.7ms
0:,384x640,11,"persons,",413.0ms
0:,384x640,12,"persons,",421.2ms
0:,384x640,17,"persons,",1,potted,"plant,",432.5ms
0:,384x640,12,"persons,",409.1ms
0:,384x640,13,"persons,",369.6ms
0:,384x640,14,"persons,",1,potted,"plant,",272.7ms
0:,384x640,13,"persons,",264.3ms
0:,384x640,15,"persons,",285.7ms
0:,384x640,12,"persons,",1,"bench,",268.7ms
0:,384x640,15,"persons,",1,"bench,",268.4ms
0:,384x640,16,"persons,",1,"bench,",1,potted,"plant,",289.1ms
0:,384x640,17,"persons,",1,"bench,",1,potted,"plant,",271.9ms
0:,384x640,15,"persons,",1,potted,"plant,",265.7ms
0:,384x640,14,"persons,",259.9ms
0:,384x640,14,"persons,",271.2ms
0:,384x640,14,"persons,",272.2ms
0:,384x640,14,"persons,",1,potted,"plant,",276.6ms
0:,384x640,15,"persons,",1,potted,"plant,",278.5ms
0:,384x640,15,"persons,",1,potted,"plant,",277.6ms
0:,384x640,17,"persons,",1,"bench,",1,potted,"plant,",269.8ms
0:,384x640,19,"persons,",277.3ms
0:,384x640,13,"persons,",267.8ms
0:,384x640,13,"persons,",265.8ms
0:,384x640,16,"persons,",269.5ms
0:,384x640,17,"persons,",290.2ms
0:,384x640,17,"persons,",270.9ms
0:,384x640,14,"persons,",269.0ms
0:,384x640,14,"persons,",285.1ms
0:,384x640,14,"persons,",268.7ms
0:,384x640,14,"persons,",266.1ms
0:,384x640,14,"persons,",269.9ms
0:,384x640,14,"persons,",291.8ms
0:,384x640,15,"persons,",1,potted,"plant,",271.3ms
0:,384x640,14,"persons,",1,potted,"plant,",274.7ms
0:,384x640,16,"persons,",1,"car,",2,potted,"plants,",286.4ms
0:,384x640,15,"persons,",1,"bench,",2,potted,"plants,",273.4ms
0:,384x640,12,"persons,",1,potted,"plant,",270.6ms
0:,384x640,13,"persons,",1,"bicycle,",2,potted,"plants,",271.9ms
0:,384x640,12,"persons,",1,traffic,"light,",1,potted,"plant,",387.1ms
0:,384x640,18,"persons,",428.7ms
0:,384x640,16,"persons,",432.9ms
0:,384x640,15,"persons,",422.0ms
0:,384x640,20,"persons,",436.5ms
0:,384x640,14,"persons,",1,potted,"plant,",421.2ms
0:,384x640,16,"persons,",1,"bench,",1,potted,"plant,",429.7ms
0:,384x640,16,"persons,",1,"bench,",1,potted,"plant,",401.6ms
0:,384x640,16,"persons,",1,"bench,",1,potted,"plant,",396.4ms
0:,384x640,16,"persons,",1,"bench,",1,potted,"plant,",409.1ms
0:,384x640,16,"persons,",1,"bench,",1,potted,"plant,",406.3ms
0:,384x640,16,"persons,",1,"bench,",1,potted,"plant,",411.2ms
0:,384x640,16,"persons,",1,"bench,",1,potted,"plant,",409.2ms
0:,384x640,17,"persons,",1,potted,"plant,",453.4ms
0:,384x640,16,"persons,",1,potted,"plant,",413.9ms
0:,384x640,16,"persons,",1,potted,"plant,",440.0ms
0:,384x640,12,"persons,",417.4ms
0:,384x640,12,"persons,",410.9ms
0:,384x640,14,"persons,",362.8ms
0:,384x640,12,"persons,",270.9ms
0:,384x640,13,"persons,",276.6ms
0:,384x640,12,"persons,",270.4ms
0:,384x640,12,"persons,",284.0ms
0:,384x640,13,"persons,",275.2ms
0:,384x640,14,"persons,",290.9ms
0:,384x640,13,"persons,",1,potted,"plant,",284.2ms
0:,384x640,13,"persons,",1,potted,"plant,",282.1ms
0:,384x640,15,"persons,",277.7ms
0:,384x640,15,"persons,",316.3ms
0:,384x640,11,"persons,",272.6ms
0:,384x640,12,"persons,",1,potted,"plant,",275.3ms
0:,384x640,15,"persons,",1,potted,"plant,",289.0ms
0:,384x640,12,"persons,",296.8ms
0:,384x640,13,"persons,",285.6ms
0:,384x640,12,"persons,",278.6ms
0:,384x640,11,"persons,",282.8ms
0:,384x640,13,"persons,",1,potted,"plant,",276.9ms
0:,384x640,12,"persons,",1,potted,"plant,",274.5ms
0:,384x640,13,"persons,",1,potted,"plant,",292.0ms
0:,384x640,12,"persons,",265.9ms
0:,384x640,12,"persons,",279.6ms
0:,384x640,16,"persons,",267.6ms
0:,384x640,15,"persons,",2,potted,"plants,",267.5ms
0:,384x640,12,"persons,",269.6ms
0:,384x640,16,"persons,",271.8ms
0:,384x640,16,"persons,",290.0ms
0:,384x640,12,"persons,",1,potted,"plant,",270.2ms
0:,384x640,13,"persons,",1,potted,"plant,",269.8ms
0:,384x640,13,"persons,",1,potted,"plant,",276.9ms
0:,384x640,14,"persons,",1,potted,"plant,",274.3ms
0:,384x640,16,"persons,",1,potted,"plant,",274.3ms
0:,384x640,13,"persons,",1,potted,"plant,",297.4ms
0:,384x640,13,"persons,",1,potted,"plant,",403.0ms
0:,384x640,13,"persons,",1,potted,"plant,",429.7ms
0:,384x640,12,"persons,",1,"bench,",1,potted,"plant,",432.3ms
0:,384x640,14,"persons,",416.0ms
0:,384x640,14,"persons,",411.2ms
0:,384x640,13,"persons,",1,"bench,",435.9ms
0:,384x640,15,"persons,",1,"bench,",453.7ms
0:,384x640,14,"persons,",1,"bench,",1,potted,"plant,",439.2ms
0:,384x640,12,"persons,",1,potted,"plant,",412.1ms
0:,384x640,14,"persons,",1,potted,"plant,",411.8ms
0:,384x640,17,"persons,",1,potted,"plant,",395.8ms
0:,384x640,13,"persons,",1,"boat,",1,"bench,",1,potted,"plant,",418.0ms
0:,384x640,14,"persons,",1,"bench,",407.1ms
0:,384x640,10,"persons,",1,"bench,",426.5ms
0:,384x640,13,"persons,",1,"bench,",1,potted,"plant,",437.8ms
0:,384x640,13,"persons,",1,"bench,",1,potted,"plant,",427.4ms
0:,384x640,13,"persons,",457.7ms
0:,384x640,13,"persons,",1,"bench,",413.6ms
0:,384x640,12,"persons,",1,"bench,",272.2ms
0:,384x640,10,"persons,",1,"bench,",274.8ms
0:,384x640,11,"persons,",1,"bench,",270.1ms
0:,384x640,9,"persons,",1,"bench,",270.0ms
0:,384x640,9,"persons,",1,"bench,",272.0ms
0:,384x640,9,"persons,",1,"bench,",272.1ms
0:,384x640,10,"persons,",1,"bench,",280.6ms
0:,384x640,12,"persons,",1,potted,"plant,",266.7ms
0:,384x640,12,"persons,",1,potted,"plant,",277.0ms
0:,384x640,13,"persons,",1,potted,"plant,",263.9ms
0:,384x640,13,"persons,",1,potted,"plant,",265.3ms
0:,384x640,13,"persons,",1,potted,"plant,",271.7ms
0:,384x640,13,"persons,",1,potted,"plant,",263.2ms
0:,384x640,13,"persons,",1,potted,"plant,",258.4ms
0:,384x640,13,"persons,",1,potted,"plant,",270.8ms
0:,384x640,13,"persons,",1,potted,"plant,",270.3ms
0:,384x640,13,"persons,",1,potted,"plant,",259.9ms
0:,384x640,13,"persons,",1,potted,"plant,",255.9ms
0:,384x640,13,"persons,",1,potted,"plant,",292.8ms
0:,384x640,14,"persons,",264.6ms
0:,384x640,14,"persons,",268.8ms
0:,384x640,15,"persons,",1,"bench,",267.2ms
0:,384x640,13,"persons,",273.4ms
0:,384x640,13,"persons,",1,potted,"plant,",271.0ms
0:,384x640,13,"persons,",265.1ms
0:,384x640,12,"persons,",280.7ms
0:,384x640,12,"persons,",269.9ms
0:,384x640,11,"persons,",266.5ms
0:,384x640,13,"persons,",273.9ms
0:,384x640,12,"persons,",277.5ms
0:,384x640,12,"persons,",265.6ms
0:,384x640,12,"persons,",284.5ms
0:,384x640,12,"persons,",279.4ms
0:,384x640,12,"persons,",266.3ms
0:,384x640,13,"persons,",368.4ms
0:,384x640,13,"persons,",417.2ms
0:,384x640,12,"persons,",447.1ms
0:,384x640,14,"persons,",438.4ms
0:,384x640,13,"persons,",393.9ms
0:,384x640,13,"persons,",456.6ms
0:,384x640,11,"persons,",441.3ms
0:,384x640,9,"persons,",435.4ms
0:,384x640,13,"persons,",393.3ms
0:,384x640,13,"persons,",403.5ms
0:,384x640,13,"persons,",458.1ms
0:,384x640,11,"persons,",409.8ms
0:,384x640,12,"persons,",434.4ms
0:,384x640,9,"persons,",426.6ms
0:,384x640,9,"persons,",442.4ms
0:,384x640,10,"persons,",437.7ms
0:,384x640,14,"persons,",426.1ms
0:,384x640,12,"persons,",427.5ms
0:,384x640,14,"persons,",326.1ms
0:,384x640,14,"persons,",260.6ms
0:,384x640,14,"persons,",267.0ms
0:,384x640,14,"persons,",276.0ms
0:,384x640,14,"persons,",276.3ms
0:,384x640,11,"persons,",271.0ms
0:,384x640,10,"persons,",288.3ms
0:,384x640,9,"persons,",1,potted,"plant,",268.9ms
0:,384x640,12,"persons,",1,potted,"plant,",266.4ms
0:,384x640,14,"persons,",1,potted,"plant,",272.7ms
0:,384x640,13,"persons,",274.9ms
0:,384x640,12,"persons,",264.5ms
0:,384x640,12,"persons,",271.2ms
0:,384x640,11,"persons,",283.4ms
0:,384x640,12,"persons,",260.2ms
0:,384x640,12,"persons,",254.9ms
0:,384x640,12,"persons,",273.9ms
0:,384x640,14,"persons,",1,potted,"plant,",266.3ms
0:,384x640,10,"persons,",264.5ms
0:,384x640,11,"persons,",1,potted,"plant,",273.8ms
0:,384x640,12,"persons,",1,potted,"plant,",275.4ms
0:,384x640,12,"persons,",269.5ms
0:,384x640,11,"persons,",1,"bench,",264.6ms
0:,384x640,10,"persons,",265.9ms
0:,384x640,11,"persons,",286.1ms
0:,384x640,12,"persons,",274.5ms
0:,384x640,12,"persons,",268.4ms
0:,384x640,9,"persons,",282.8ms
0:,384x640,13,"persons,",268.3ms
0:,384x640,13,"persons,",261.5ms
0:,384x640,12,"persons,",274.8ms
0:,384x640,9,"persons,",273.9ms
0:,384x640,10,"persons,",272.5ms
0:,384x640,13,"persons,",278.8ms
0:,384x640,15,"persons,",329.3ms
0:,384x640,14,"persons,",427.0ms
0:,384x640,14,"persons,",469.5ms
0:,384x640,15,"persons,",420.6ms
0:,384x640,15,"persons,",397.0ms
0:,384x640,15,"persons,",406.7ms
0:,384x640,15,"persons,",426.0ms
0:,384x640,15,"persons,",413.8ms
0:,384x640,15,"persons,",427.4ms
0:,384x640,12,"persons,",1,potted,"plant,",437.2ms
0:,384x640,12,"persons,",1,potted,"plant,",416.2ms
0:,384x640,13,"persons,",419.5ms
0:,384x640,14,"persons,",2,potted,"plants,",419.5ms
0:,384x640,11,"persons,",1,potted,"plant,",412.9ms
0:,384x640,15,"persons,",1,potted,"plant,",453.3ms
0:,384x640,15,"persons,",1,potted,"plant,",423.5ms
0:,384x640,12,"persons,",2,potted,"plants,",414.1ms
0:,384x640,12,"persons,",2,potted,"plants,",418.7ms
0:,384x640,11,"persons,",1,potted,"plant,",332.1ms
0:,384x640,10,"persons,",1,potted,"plant,",271.5ms
0:,384x640,12,"persons,",1,potted,"plant,",270.5ms
0:,384x640,11,"persons,",1,potted,"plant,",266.3ms
0:,384x640,12,"persons,",1,potted,"plant,",279.6ms
0:,384x640,14,"persons,",2,potted,"plants,",267.9ms
0:,384x640,15,"persons,",2,potted,"plants,",271.8ms
0:,384x640,15,"persons,",2,potted,"plants,",266.0ms
0:,384x640,13,"persons,",2,potted,"plants,",277.4ms
0:,384x640,13,"persons,",2,potted,"plants,",273.5ms
0:,384x640,14,"persons,",1,potted,"plant,",278.0ms
0:,384x640,16,"persons,",1,potted,"plant,",274.0ms
0:,384x640,13,"persons,",1,potted,"plant,",267.3ms
0:,384x640,13,"persons,",1,potted,"plant,",283.9ms
0:,384x640,14,"persons,",1,"backpack,",1,potted,"plant,",270.5ms
0:,384x640,16,"persons,",1,potted,"plant,",269.0ms
0:,384x640,15,"persons,",1,potted,"plant,",270.7ms
0:,384x640,18,"persons,",1,potted,"plant,",260.9ms
0:,384x640,16,"persons,",278.7ms
0:,384x640,14,"persons,",1,potted,"plant,",276.0ms
0:,384x640,14,"persons,",1,potted,"plant,",265.7ms
0:,384x640,14,"persons,",1,potted,"plant,",272.7ms
0:,384x640,15,"persons,",276.6ms
0:,384x640,13,"persons,",275.7ms
0:,384x640,12,"persons,",264.6ms
0:,384x640,12,"persons,",284.0ms
0:,384x640,14,"persons,",275.1ms
0:,384x640,13,"persons,",268.5ms
0:,384x640,13,"persons,",276.6ms
0:,384x640,13,"persons,",269.9ms
0:,384x640,12,"persons,",269.4ms
0:,384x640,13,"persons,",275.8ms
0:,384x640,12,"persons,",282.7ms
0:,384x640,16,"persons,",274.8ms
0:,384x640,13,"persons,",393.0ms
0:,384x640,16,"persons,",440.2ms
0:,384x640,13,"persons,",444.3ms
0:,384x640,15,"persons,",444.2ms
0:,384x640,15,"persons,",419.6ms
0:,384x640,14,"persons,",474.6ms
0:,384x640,12,"persons,",444.6ms
0:,384x640,14,"persons,",399.7ms
0:,384x640,17,"persons,",422.9ms
0:,384x640,17,"persons,",412.8ms
0:,384x640,20,"persons,",431.2ms
0:,384x640,22,"persons,",412.4ms
0:,384x640,17,"persons,",425.2ms
0:,384x640,20,"persons,",428.8ms
0:,384x640,21,"persons,",438.3ms
0:,384x640,21,"persons,",428.0ms
0:,384x640,20,"persons,",435.8ms
0:,384x640,17,"persons,",1,potted,"plant,",427.0ms
0:,384x640,18,"persons,",1,potted,"plant,",277.1ms
0:,384x640,17,"persons,",1,potted,"plant,",273.7ms
0:,384x640,21,"persons,",1,potted,"plant,",294.1ms
0:,384x640,22,"persons,",1,potted,"plant,",258.8ms
0:,384x640,22,"persons,",1,potted,"plant,",276.3ms
0:,384x640,19,"persons,",275.6ms
0:,384x640,20,"persons,",259.0ms
0:,384x640,20,"persons,",264.0ms
0:,384x640,20,"persons,",266.3ms
0:,384x640,20,"persons,",273.6ms
0:,384x640,20,"persons,",261.7ms
0:,384x640,20,"persons,",262.1ms
0:,384x640,20,"persons,",269.9ms
0:,384x640,20,"persons,",259.9ms
0:,384x640,20,"persons,",258.0ms
0:,384x640,20,"persons,",286.0ms
0:,384x640,19,"persons,",282.8ms
0:,384x640,19,"persons,",1,potted,"plant,",279.0ms
0:,384x640,18,"persons,",1,potted,"plant,",269.0ms
0:,384x640,15,"persons,",2,potted,"plants,",266.4ms
0:,384x640,17,"persons,",2,potted,"plants,",259.2ms
0:,384x640,21,"persons,",1,potted,"plant,",268.6ms
0:,384x640,16,"persons,",1,potted,"plant,",265.0ms
0:,384x640,17,"persons,",273.4ms
0:,384x640,17,"persons,",273.9ms
0:,384x640,18,"persons,",1,potted,"plant,",276.9ms
0:,384x640,18,"persons,",1,potted,"plant,",271.3ms
0:,384x640,18,"persons,",1,potted,"plant,",273.4ms
0:,384x640,17,"persons,",1,potted,"plant,",289.5ms
0:,384x640,17,"persons,",1,potted,"plant,",266.1ms
0:,384x640,17,"persons,",1,potted,"plant,",287.5ms
0:,384x640,17,"persons,",1,"motorcycle,",1,potted,"plant,",281.2ms
0:,384x640,16,"persons,",1,potted,"plant,",268.4ms
0:,384x640,16,"persons,",1,"truck,",1,potted,"plant,",295.5ms
0:,384x640,16,"persons,",1,potted,"plant,",414.6ms
0:,384x640,16,"persons,",1,potted,"plant,",435.4ms
0:,384x640,14,"persons,",1,potted,"plant,",469.3ms
0:,384x640,16,"persons,",1,potted,"plant,",406.0ms
0:,384x640,17,"persons,",1,potted,"plant,",444.7ms
0:,384x640,18,"persons,",2,potted,"plants,",444.2ms
0:,384x640,17,"persons,",1,potted,"plant,",436.8ms
0:,384x640,17,"persons,",1,potted,"plant,",431.4ms
0:,384x640,17,"persons,",428.2ms
0:,384x640,16,"persons,",1,potted,"plant,",427.1ms
0:,384x640,15,"persons,",413.8ms
0:,384x640,14,"persons,",417.8ms
0:,384x640,16,"persons,",1,potted,"plant,",434.2ms
0:,384x640,16,"persons,",424.0ms
0:,384x640,20,"persons,",443.6ms
0:,384x640,15,"persons,",422.4ms
0:,384x640,16,"persons,",417.4ms
0:,384x640,16,"persons,",355.0ms
0:,384x640,15,"persons,",282.9ms
0:,384x640,14,"persons,",270.0ms
0:,384x640,14,"persons,",281.6ms
0:,384x640,10,"persons,",282.7ms
0:,384x640,13,"persons,",268.7ms
0:,384x640,12,"persons,",270.4ms
0:,384x640,15,"persons,",1,potted,"plant,",280.6ms
0:,384x640,12,"persons,",1,potted,"plant,",278.7ms
0:,384x640,15,"persons,",1,potted,"plant,",261.9ms
0:,384x640,15,"persons,",1,potted,"plant,",270.4ms
0:,384x640,14,"persons,",286.0ms
0:,384x640,14,"persons,",262.7ms
0:,384x640,12,"persons,",262.9ms
0:,384x640,12,"persons,",287.6ms
0:,384x640,13,"persons,",273.1ms
0:,384x640,11,"persons,",263.3ms
0:,384x640,11,"persons,",279.9ms
0:,384x640,12,"persons,",280.7ms
0:,384x640,13,"persons,",275.2ms
0:,384x640,13,"persons,",263.2ms
0:,384x640,12,"persons,",282.4ms
0:,384x640,11,"persons,",265.9ms
0:,384x640,11,"persons,",275.8ms
0:,384x640,13,"persons,",270.8ms
0:,384x640,15,"persons,",281.0ms
0:,384x640,14,"persons,",258.1ms
0:,384x640,14,"persons,",262.3ms
0:,384x640,15,"persons,",281.5ms
0:,384x640,18,"persons,",270.0ms
0:,384x640,15,"persons,",263.8ms
0:,384x640,15,"persons,",266.7ms
0:,384x640,15,"persons,",288.9ms
0:,384x640,17,"persons,",261.0ms
0:,384x640,13,"persons,",378.0ms
0:,384x640,10,"persons,",413.0ms
0:,384x640,10,"persons,",424.9ms
0:,384x640,10,"persons,",426.7ms
0:,384x640,10,"persons,",384.0ms
0:,384x640,10,"persons,",399.9ms
0:,384x640,10,"persons,",464.2ms
0:,384x640,9,"persons,",445.8ms
0:,384x640,9,"persons,",412.7ms
0:,384x640,11,"persons,",429.8ms
0:,384x640,10,"persons,",447.8ms
0:,384x640,10,"persons,",391.1ms
0:,384x640,10,"persons,",433.2ms
0:,384x640,11,"persons,",427.7ms
0:,384x640,8,"persons,",446.6ms
0:,384x640,12,"persons,",442.3ms
0:,384x640,13,"persons,",445.6ms
0:,384x640,13,"persons,",411.6ms
0:,384x640,13,"persons,",1,"bicycle,",327.4ms
0:,384x640,15,"persons,",270.7ms
0:,384x640,16,"persons,",272.1ms
0:,384x640,16,"persons,",1,"handbag,",263.7ms
0:,384x640,16,"persons,",1,"handbag,",279.5ms
0:,384x640,13,"persons,",1,"handbag,",266.4ms
0:,384x640,13,"persons,",1,"handbag,",280.2ms
0:,384x640,10,"persons,",1,"handbag,",273.6ms
0:,384x640,15,"persons,",264.4ms
0:,384x640,12,"persons,",1,"handbag,",274.9ms
0:,384x640,12,"persons,",1,"handbag,",273.7ms
0:,384x640,12,"persons,",1,"handbag,",274.4ms
0:,384x640,10,"persons,",272.4ms
0:,384x640,11,"persons,",263.1ms
0:,384x640,11,"persons,",274.5ms
0:,384x640,12,"persons,",264.2ms
0:,384x640,13,"persons,",284.7ms
0:,384x640,15,"persons,",274.6ms
0:,384x640,14,"persons,",273.9ms
0:,384x640,15,"persons,",272.9ms
0:,384x640,13,"persons,",266.0ms
0:,384x640,15,"persons,",275.2ms
0:,384x640,15,"persons,",265.8ms
0:,384x640,11,"persons,",1,potted,"plant,",279.8ms
0:,384x640,14,"persons,",273.2ms
0:,384x640,17,"persons,",268.8ms
0:,384x640,14,"persons,",294.6ms
0:,384x640,16,"persons,",281.5ms
0:,384x640,16,"persons,",269.1ms
0:,384x640,16,"persons,",277.2ms
0:,384x640,16,"persons,",291.1ms
0:,384x640,14,"persons,",274.7ms
0:,384x640,15,"persons,",270.9ms
0:,384x640,14,"persons,",277.8ms
0:,384x640,12,"persons,",433.5ms
0:,384x640,13,"persons,",461.9ms
0:,384x640,14,"persons,",1,"handbag,",446.4ms
0:,384x640,14,"persons,",425.8ms
0:,384x640,13,"persons,",1,"handbag,",1,potted,"plant,",415.5ms
0:,384x640,14,"persons,",1,"handbag,",1,potted,"plant,",438.8ms
0:,384x640,18,"persons,",1,"horse,",1,"handbag,",460.8ms
0:,384x640,16,"persons,",1,"handbag,",410.1ms
0:,384x640,17,"persons,",1,"handbag,",436.9ms
0:,384x640,14,"persons,",449.5ms
0:,384x640,17,"persons,",436.2ms
0:,384x640,18,"persons,",429.2ms
0:,384x640,17,"persons,",424.7ms
0:,384x640,18,"persons,",440.8ms
0:,384x640,15,"persons,",447.8ms
0:,384x640,16,"persons,",437.2ms
0:,384x640,15,"persons,",424.9ms
0:,384x640,14,"persons,",340.3ms
0:,384x640,13,"persons,",266.4ms
0:,384x640,13,"persons,",264.7ms
0:,384x640,13,"persons,",269.0ms
0:,384x640,13,"persons,",276.0ms
0:,384x640,13,"persons,",259.2ms
0:,384x640,13,"persons,",261.3ms
0:,384x640,13,"persons,",271.3ms
0:,384x640,13,"persons,",265.6ms
0:,384x640,13,"persons,",269.2ms
0:,384x640,14,"persons,",276.0ms
0:,384x640,14,"persons,",269.6ms
0:,384x640,14,"persons,",267.5ms
0:,384x640,11,"persons,",263.8ms
0:,384x640,11,"persons,",275.3ms
0:,384x640,15,"persons,",270.9ms
0:,384x640,16,"persons,",267.2ms
0:,384x640,16,"persons,",291.2ms
0:,384x640,13,"persons,",284.6ms
0:,384x640,13,"persons,",270.6ms
0:,384x640,11,"persons,",261.3ms
0:,384x640,12,"persons,",293.4ms
0:,384x640,14,"persons,",270.7ms
0:,384x640,13,"persons,",265.3ms
0:,384x640,12,"persons,",282.0ms
0:,384x640,15,"persons,",1,potted,"plant,",270.5ms
0:,384x640,15,"persons,",1,potted,"plant,",267.4ms
0:,384x640,18,"persons,",264.6ms
0:,384x640,18,"persons,",270.3ms
0:,384x640,18,"persons,",278.5ms
0:,384x640,17,"persons,",266.3ms
0:,384x640,16,"persons,",1,"backpack,",274.3ms
0:,384x640,17,"persons,",1,potted,"plant,",272.9ms
0:,384x640,15,"persons,",1,potted,"plant,",275.6ms
0:,384x640,13,"persons,",1,potted,"plant,",324.2ms
0:,384x640,17,"persons,",1,potted,"plant,",418.5ms
0:,384x640,15,"persons,",1,potted,"plant,",424.1ms
0:,384x640,13,"persons,",1,potted,"plant,",454.0ms
0:,384x640,15,"persons,",1,potted,"plant,",385.6ms
0:,384x640,15,"persons,",1,potted,"plant,",428.4ms
0:,384x640,15,"persons,",425.1ms
0:,384x640,15,"persons,",443.2ms
0:,384x640,16,"persons,",415.2ms
0:,384x640,12,"persons,",410.9ms
0:,384x640,13,"persons,",448.3ms
0:,384x640,12,"persons,",1,baseball,"glove,",1,potted,"plant,",404.1ms
0:,384x640,10,"persons,",1,baseball,"glove,",1,potted,"plant,",443.2ms
0:,384x640,12,"persons,",1,baseball,"glove,",440.4ms
0:,384x640,11,"persons,",1,potted,"plant,",423.6ms
0:,384x640,15,"persons,",1,potted,"plant,",447.3ms
0:,384x640,16,"persons,",409.7ms
0:,384x640,16,"persons,",410.0ms
0:,384x640,16,"persons,",308.8ms
0:,384x640,16,"persons,",263.3ms
0:,384x640,15,"persons,",286.0ms
0:,384x640,16,"persons,",261.6ms
0:,384x640,15,"persons,",1,potted,"plant,",266.1ms
0:,384x640,12,"persons,",275.6ms
0:,384x640,14,"persons,",272.0ms
0:,384x640,14,"persons,",280.8ms
0:,384x640,13,"persons,",270.9ms
0:,384x640,14,"persons,",281.0ms
0:,384x640,14,"persons,",286.5ms
0:,384x640,13,"persons,",263.6ms
0:,384x640,13,"persons,",283.3ms
0:,384x640,13,"persons,",274.4ms
0:,384x640,16,"persons,",1,potted,"plant,",262.5ms
0:,384x640,16,"persons,",1,potted,"plant,",272.6ms
0:,384x640,10,"persons,",1,potted,"plant,",282.2ms
0:,384x640,10,"persons,",261.4ms
0:,384x640,9,"persons,",273.4ms
0:,384x640,14,"persons,",1,potted,"plant,",268.6ms
0:,384x640,13,"persons,",1,potted,"plant,",262.4ms
0:,384x640,13,"persons,",1,potted,"plant,",272.8ms
0:,384x640,14,"persons,",1,potted,"plant,",273.0ms
0:,384x640,15,"persons,",290.8ms
0:,384x640,13,"persons,",277.9ms
0:,384x640,12,"persons,",270.7ms
0:,384x640,10,"persons,",285.4ms
0:,384x640,15,"persons,",263.5ms
0:,384x640,15,"persons,",290.6ms
0:,384x640,11,"persons,",1,potted,"plant,",264.7ms
0:,384x640,11,"persons,",1,potted,"plant,",272.2ms
0:,384x640,11,"persons,",1,potted,"plant,",263.0ms
0:,384x640,11,"persons,",1,potted,"plant,",277.2ms
0:,384x640,11,"persons,",1,potted,"plant,",272.2ms
0:,384x640,11,"persons,",1,potted,"plant,",377.8ms
0:,384x640,11,"persons,",1,potted,"plant,",417.6ms
0:,384x640,11,"persons,",1,potted,"plant,",435.2ms
0:,384x640,11,"persons,",1,potted,"plant,",441.2ms
0:,384x640,14,"persons,",1,"kite,",400.5ms
0:,384x640,12,"persons,",437.7ms
0:,384x640,12,"persons,",1,potted,"plant,",432.7ms
0:,384x640,14,"persons,",421.7ms
0:,384x640,15,"persons,",1,potted,"plant,",402.4ms
0:,384x640,9,"persons,",1,potted,"plant,",425.7ms
0:,384x640,15,"persons,",2,potted,"plants,",417.5ms
0:,384x640,13,"persons,",1,potted,"plant,",395.9ms
0:,384x640,13,"persons,",1,potted,"plant,",428.1ms
0:,384x640,13,"persons,",410.8ms
0:,384x640,13,"persons,",446.9ms
0:,384x640,11,"persons,",442.0ms
0:,384x640,16,"persons,",429.6ms
0:,384x640,14,"persons,",412.8ms
0:,384x640,10,"persons,",326.3ms
0:,384x640,13,"persons,",270.8ms
0:,384x640,14,"persons,",283.5ms
0:,384x640,13,"persons,",266.3ms
0:,384x640,13,"persons,",291.2ms
0:,384x640,9,"persons,",275.6ms
0:,384x640,13,"persons,",272.6ms
0:,384x640,13,"persons,",284.5ms
0:,384x640,12,"persons,",269.4ms
0:,384x640,13,"persons,",276.4ms
0:,384x640,13,"persons,",1,potted,"plant,",269.3ms
0:,384x640,11,"persons,",1,potted,"plant,",269.7ms
0:,384x640,11,"persons,",1,potted,"plant,",263.1ms
0:,384x640,13,"persons,",1,potted,"plant,",267.4ms
0:,384x640,13,"persons,",1,potted,"plant,",277.1ms
0:,384x640,10,"persons,",1,potted,"plant,",264.3ms
0:,384x640,11,"persons,",1,potted,"plant,",265.9ms
0:,384x640,12,"persons,",1,potted,"plant,",259.9ms
0:,384x640,12,"persons,",1,potted,"plant,",281.9ms
0:,384x640,10,"persons,",1,potted,"plant,",271.9ms
0:,384x640,13,"persons,",1,potted,"plant,",270.2ms
0:,384x640,12,"persons,",270.5ms
0:,384x640,12,"persons,",258.9ms
0:,384x640,10,"persons,",259.9ms
0:,384x640,13,"persons,",263.3ms
0:,384x640,14,"persons,",283.1ms
0:,384x640,14,"persons,",263.1ms
0:,384x640,13,"persons,",266.4ms
0:,384x640,13,"persons,",273.3ms
0:,384x640,13,"persons,",268.2ms
0:,384x640,11,"persons,",265.7ms
0:,384x640,12,"persons,",271.6ms
0:,384x640,15,"persons,",276.9ms
0:,384x640,14,"persons,",273.1ms
0:,384x640,16,"persons,",369.0ms
0:,384x640,14,"persons,",420.4ms
0:,384x640,16,"persons,",423.6ms
0:,384x640,15,"persons,",2,potted,"plants,",433.7ms
0:,384x640,18,"persons,",2,potted,"plants,",384.7ms
0:,384x640,18,"persons,",2,potted,"plants,",425.4ms
0:,384x640,15,"persons,",1,"cow,",2,potted,"plants,",428.9ms
0:,384x640,17,"persons,",2,potted,"plants,",417.2ms
0:,384x640,11,"persons,",2,potted,"plants,",413.4ms
0:,384x640,16,"persons,",421.4ms
0:,384x640,14,"persons,",1,"backpack,",1,potted,"plant,",426.3ms
0:,384x640,17,"persons,",2,potted,"plants,",415.5ms
0:,384x640,14,"persons,",2,potted,"plants,",396.8ms
0:,384x640,14,"persons,",2,potted,"plants,",434.0ms
0:,384x640,18,"persons,",1,potted,"plant,",418.7ms
0:,384x640,16,"persons,",2,potted,"plants,",417.8ms
0:,384x640,14,"persons,",2,potted,"plants,",405.8ms
0:,384x640,14,"persons,",2,potted,"plants,",392.4ms
0:,384x640,14,"persons,",2,potted,"plants,",338.4ms
0:,384x640,14,"persons,",2,potted,"plants,",268.0ms
0:,384x640,14,"persons,",2,potted,"plants,",278.3ms
0:,384x640,14,"persons,",2,potted,"plants,",261.2ms
0:,384x640,14,"persons,",2,potted,"plants,",269.4ms
0:,384x640,14,"persons,",2,potted,"plants,",283.8ms
0:,384x640,15,"persons,",1,potted,"plant,",274.7ms
0:,384x640,13,"persons,",1,potted,"plant,",284.5ms
0:,384x640,16,"persons,",265.0ms
0:,384x640,16,"persons,",285.6ms
0:,384x640,14,"persons,",1,potted,"plant,",274.3ms
0:,384x640,12,"persons,",269.8ms
0:,384x640,13,"persons,",276.8ms
0:,384x640,13,"persons,",270.6ms
0:,384x640,15,"persons,",265.5ms
0:,384x640,12,"persons,",258.4ms
0:,384x640,12,"persons,",268.9ms
0:,384x640,13,"persons,",266.0ms
0:,384x640,13,"persons,",1,potted,"plant,",266.0ms
0:,384x640,13,"persons,",1,potted,"plant,",301.7ms
0:,384x640,12,"persons,",1,potted,"plant,",270.7ms
0:,384x640,12,"persons,",1,potted,"plant,",276.3ms
0:,384x640,16,"persons,",2,potted,"plants,",263.1ms
0:,384x640,16,"persons,",2,potted,"plants,",275.4ms
0:,384x640,15,"persons,",2,potted,"plants,",282.5ms
0:,384x640,14,"persons,",2,potted,"plants,",268.9ms
0:,384x640,17,"persons,",2,potted,"plants,",285.8ms
0:,384x640,15,"persons,",2,potted,"plants,",271.7ms
0:,384x640,18,"persons,",2,potted,"plants,",274.2ms
0:,384x640,18,"persons,",2,potted,"plants,",266.2ms
0:,384x640,17,"persons,",2,potted,"plants,",291.0ms
0:,384x640,15,"persons,",285.2ms
0:,384x640,15,"persons,",1,potted,"plant,",267.1ms
0:,384x640,15,"persons,",1,potted,"plant,",283.1ms
0:,384x640,21,"persons,",403.4ms
0:,384x640,15,"persons,",1,potted,"plant,",413.4ms
0:,384x640,15,"persons,",1,potted,"plant,",470.8ms
0:,384x640,14,"persons,",2,potted,"plants,",409.2ms
WARNING,âš ï¸,Video,stream,"unresponsive,",please,check,your,IP,camera,connection.
0:,384x640,14,"persons,",2,potted,"plants,",455.3ms
0:,384x640,(no,"detections),",415.8ms
0:,384x640,(no,"detections),",434.4ms
0:,384x640,(no,"detections),",391.6ms
0:,384x640,(no,"detections),",388.6ms
0:,384x640,(no,"detections),",411.6ms
0:,384x640,(no,"detections),",397.9ms
0:,384x640,(no,"detections),",392.5ms
0:,384x640,(no,"detections),",392.2ms
0:,384x640,(no,"detections),",435.9ms
0:,384x640,(no,"detections),",414.0ms
0:,384x640,(no,"detections),",400.3ms
0:,384x640,(no,"detections),",417.1ms
0:,384x640,(no,"detections),",408.2ms
0:,384x640,(no,"detections),",395.4ms
Speed:,0.9ms,"pre-process,",327.2ms,"inference,",3.1ms,NMS,per,image,at,shape,"(1,","3,","640,",640)
Results,saved,to,[1mruns/detect/exp[0m

